-- phpMyAdmin SQL Dump
-- version 5.2.0
-- https://www.phpmyadmin.net/
--
-- Host: 127.0.0.1
-- Generation Time: Nov 21, 2022 at 11:50 PM
-- Server version: 10.4.25-MariaDB
-- PHP Version: 8.1.10

SET SQL_MODE = "NO_AUTO_VALUE_ON_ZERO";
START TRANSACTION;
SET time_zone = "+00:00";


/*!40101 SET @OLD_CHARACTER_SET_CLIENT=@@CHARACTER_SET_CLIENT */;
/*!40101 SET @OLD_CHARACTER_SET_RESULTS=@@CHARACTER_SET_RESULTS */;
/*!40101 SET @OLD_COLLATION_CONNECTION=@@COLLATION_CONNECTION */;
/*!40101 SET NAMES utf8mb4 */;

--
-- Database: `satadb`
--

-- --------------------------------------------------------

--
-- Table structure for table `archivo`
--

CREATE TABLE `archivo` (
  `id` bigint(20) NOT NULL,
  `id_equipo` bigint(20) NOT NULL,
  `data` blob NOT NULL,
  `tipo` varchar(10) COLLATE utf8_bin NOT NULL
) ENGINE=InnoDB DEFAULT CHARSET=utf8 COLLATE=utf8_bin;

-- --------------------------------------------------------

--
-- Table structure for table `componente`
--

CREATE TABLE `componente` (
  `id` bigint(20) NOT NULL,
  `id_equipo` bigint(20) NOT NULL,
  `nombre` varchar(30) COLLATE utf8_bin NOT NULL,
  `descripcion` varchar(255) COLLATE utf8_bin NOT NULL,
  `url` varchar(100) COLLATE utf8_bin NOT NULL,
  `estado` varchar(20) COLLATE utf8_bin NOT NULL,
  `tipo` varchar(20) COLLATE utf8_bin NOT NULL,
  `tipo_placa` varchar(30) COLLATE utf8_bin NOT NULL
) ENGINE=InnoDB DEFAULT CHARSET=utf8 COLLATE=utf8_bin;

--
-- Dumping data for table `componente`
--

INSERT INTO `componente` (`id`, `id_equipo`, `nombre`, `descripcion`, `url`, `estado`, `tipo`, `tipo_placa`) VALUES
(1, 1, 'valvula1_simulador12', 'valvula1 testeo', '', 'ACTIVO', 'VALVULA', 'ARDUINO_2560'),
(2, 1, 'valvula2_simulador12', 'valvula2 testeo', '', 'ACTIVO', 'VALVULA', 'ARDUINO_2560'),
(3, 1, 'camara1_simulador12', 'flujometro2 testeo', 'www.google.com', 'ACTIVO', 'CAMARA', 'ESP_32');

-- --------------------------------------------------------

--
-- Table structure for table `ejecucion`
--

CREATE TABLE `ejecucion` (
  `id` bigint(20) NOT NULL,
  `id_simulacion` bigint(20) NOT NULL,
  `agua_caida` double NOT NULL DEFAULT 0,
  `fecha_ejecucion` timestamp NOT NULL DEFAULT current_timestamp() ON UPDATE current_timestamp()
) ENGINE=InnoDB DEFAULT CHARSET=utf8 COLLATE=utf8_bin;

--
-- Dumping data for table `ejecucion`
--

INSERT INTO `ejecucion` (`id`, `id_simulacion`, `agua_caida`, `fecha_ejecucion`) VALUES
(1, 2, 0, '2021-03-28 15:09:35'),
(2, 2, 0, '2020-05-23 16:11:42'),
(3, 1, 0, '2022-09-28 15:31:31'),
(4, 1, 0, '2022-09-28 15:55:39'),
(5, 3, 0, '2022-01-02 15:56:07'),
(6, 3, 0, '2022-07-20 16:56:10'),
(7, 1, 0, '2022-04-16 16:56:25'),
(8, 179, 0, '2021-04-11 15:40:57'),
(9, 153, 0, '2019-11-27 18:57:33'),
(10, 51, 0, '2020-06-09 14:24:57'),
(11, 362, 0, '2019-11-19 18:38:42'),
(12, 305, 0, '2020-10-13 14:37:46'),
(13, 96, 0, '2021-02-27 02:35:12'),
(14, 32, 0, '2019-07-20 19:34:51'),
(15, 492, 0, '2022-12-14 01:36:14'),
(16, 14, 0, '2022-04-19 01:38:46'),
(17, 467, 0, '0000-00-00 00:00:00'),
(18, 79, 0, '2019-11-10 21:57:53'),
(19, 334, 0, '2022-04-10 03:21:17'),
(20, 329, 0, '2022-02-09 15:47:57'),
(21, 332, 0, '2019-08-11 03:36:44'),
(22, 291, 0, '2019-06-16 02:25:38'),
(23, 318, 0, '0000-00-00 00:00:00'),
(24, 105, 0, '2022-08-22 21:15:20'),
(25, 127, 0, '2022-07-03 18:24:31'),
(26, 87, 0, '2021-04-08 14:18:41'),
(27, 239, 0, '2021-05-26 01:28:58'),
(28, 451, 0, '2019-07-09 14:50:26'),
(29, 142, 0, '2019-06-17 21:40:52'),
(30, 383, 0, '2022-11-22 14:41:57'),
(31, 255, 0, '2021-08-24 19:43:34'),
(32, 67, 0, '2020-07-23 14:10:21'),
(33, 457, 0, '2020-05-14 23:17:33'),
(34, 182, 0, '2021-01-14 18:48:23'),
(35, 283, 0, '2020-11-21 23:27:19'),
(36, 260, 0, '2019-07-03 22:30:38'),
(37, 118, 0, '2022-12-07 23:14:39'),
(38, 372, 0, '2019-02-22 21:29:17'),
(39, 283, 0, '2020-03-07 13:48:24'),
(40, 262, 0, '2022-12-19 18:17:16'),
(41, 141, 0, '2019-04-27 18:17:27'),
(42, 456, 0, '2022-05-20 15:50:44'),
(43, 119, 0, '2020-12-21 13:39:56'),
(44, 190, 0, '2019-01-24 17:54:56'),
(45, 224, 0, '2021-02-18 15:18:53'),
(46, 250, 0, '2019-07-19 00:57:36'),
(47, 199, 0, '2020-03-24 01:40:51'),
(48, 251, 0, '2022-09-16 13:38:45'),
(49, 416, 0, '2021-05-03 22:28:34'),
(50, 252, 0, '2019-05-16 01:16:45'),
(51, 270, 0, '2022-07-10 01:50:35'),
(52, 345, 0, '2019-07-10 16:46:47'),
(53, 407, 0, '2020-11-12 02:47:51'),
(54, 309, 0, '2020-12-04 23:42:52'),
(55, 59, 0, '2020-09-10 02:16:51'),
(56, 170, 0, '2020-09-13 02:51:29'),
(57, 344, 0, '2019-07-03 15:26:16'),
(58, 294, 0, '2019-02-22 16:19:45'),
(59, 161, 0, '2022-08-04 20:52:56'),
(60, 461, 0, '2022-07-23 02:23:23'),
(61, 500, 0, '2020-08-01 18:51:41'),
(62, 357, 0, '2020-02-13 00:53:20'),
(63, 292, 0, '2021-10-25 00:37:51'),
(64, 384, 0, '2022-09-21 21:41:22'),
(65, 92, 0, '2020-10-24 13:17:32'),
(66, 51, 0, '0000-00-00 00:00:00'),
(67, 485, 0, '2022-04-13 18:19:35'),
(68, 136, 0, '2020-07-14 15:48:19'),
(69, 445, 0, '2021-11-20 00:48:41'),
(70, 340, 0, '2022-02-13 22:31:12'),
(71, 388, 0, '0000-00-00 00:00:00'),
(72, 201, 0, '2020-11-05 19:46:27'),
(73, 208, 0, '2020-12-09 00:12:19'),
(74, 63, 0, '2019-04-05 00:20:57'),
(75, 255, 0, '2021-06-03 15:11:23'),
(76, 372, 0, '2022-10-10 21:12:55'),
(77, 296, 0, '2019-01-09 18:39:31'),
(78, 348, 0, '0000-00-00 00:00:00'),
(79, 496, 0, '2020-08-21 00:14:49'),
(80, 75, 0, '2022-03-07 23:44:34'),
(81, 177, 0, '2021-02-08 00:56:55'),
(82, 6, 0, '2021-03-06 16:45:38'),
(83, 347, 0, '2021-01-24 02:14:59'),
(84, 490, 0, '2019-01-01 13:21:11'),
(85, 147, 0, '2022-05-18 01:34:30'),
(86, 249, 0, '2021-02-06 23:18:10'),
(87, 248, 0, '2022-11-11 16:10:56'),
(88, 386, 0, '2022-08-06 16:48:30'),
(89, 339, 0, '2022-05-18 15:24:10'),
(90, 154, 0, '2020-04-17 19:29:12'),
(91, 141, 0, '2019-01-04 17:16:56'),
(92, 336, 0, '2021-05-02 14:45:22'),
(93, 331, 0, '2022-12-25 17:10:25'),
(94, 490, 0, '2019-12-17 13:47:32'),
(95, 304, 0, '2021-09-24 23:44:14'),
(96, 444, 0, '2022-05-13 23:29:54'),
(97, 109, 0, '2020-12-24 19:11:11'),
(98, 264, 0, '2022-01-06 14:43:22'),
(99, 490, 0, '2022-05-02 19:14:41'),
(100, 354, 0, '2020-03-09 16:37:50'),
(101, 441, 0, '2020-04-18 03:45:12'),
(102, 227, 0, '2021-02-07 23:20:41'),
(103, 318, 0, '2021-10-11 22:21:28'),
(104, 319, 0, '2022-07-20 17:10:11'),
(105, 296, 0, '2020-07-16 03:41:52'),
(106, 497, 0, '2022-01-02 02:26:19'),
(107, 324, 0, '2019-08-20 16:55:59'),
(108, 154, 0, '2019-08-03 22:57:50'),
(109, 152, 0, '2021-06-23 20:46:59'),
(110, 22, 0, '2022-05-21 15:15:48'),
(111, 46, 0, '2022-06-19 17:58:12'),
(112, 14, 0, '2020-11-27 16:20:45'),
(113, 440, 0, '2019-05-25 20:50:30'),
(114, 223, 0, '2019-12-27 01:21:58'),
(115, 293, 0, '2019-09-28 02:35:45'),
(116, 422, 0, '2020-12-08 00:36:12'),
(117, 38, 0, '2021-02-08 17:43:36'),
(118, 492, 0, '2020-08-10 03:30:46'),
(119, 30, 0, '2019-08-25 20:56:42'),
(120, 366, 0, '2022-06-06 14:39:51'),
(121, 191, 0, '2020-02-17 00:53:53'),
(122, 262, 0, '2020-09-24 19:27:35'),
(123, 136, 0, '2022-03-18 00:35:13'),
(124, 15, 0, '2019-02-25 23:31:54'),
(125, 498, 0, '2019-09-14 15:15:25'),
(126, 308, 0, '2022-06-24 15:34:39'),
(127, 241, 0, '2021-03-21 02:26:32'),
(128, 140, 0, '2020-10-18 16:37:12'),
(129, 303, 0, '2021-08-06 23:28:28'),
(130, 287, 0, '2019-03-28 01:32:50'),
(131, 406, 0, '2020-11-14 02:53:44'),
(132, 196, 0, '2019-10-26 00:42:40'),
(133, 200, 0, '2022-04-25 15:59:34'),
(134, 246, 0, '2022-01-13 23:16:52'),
(135, 299, 0, '0000-00-00 00:00:00'),
(136, 359, 0, '2021-10-23 23:18:58'),
(137, 427, 0, '2020-05-11 18:35:35'),
(138, 210, 0, '2022-01-09 01:32:18'),
(139, 175, 0, '2022-08-27 01:22:33'),
(140, 258, 0, '2019-09-12 20:32:41'),
(141, 94, 0, '2019-08-07 14:15:52'),
(142, 190, 0, '2022-04-25 20:16:35'),
(143, 413, 0, '2022-02-11 17:32:29'),
(144, 443, 0, '2019-01-15 14:45:46'),
(145, 498, 0, '2020-09-23 13:11:34'),
(146, 12, 0, '2020-09-09 22:29:23'),
(147, 357, 0, '2022-05-10 19:27:40'),
(148, 425, 0, '2022-09-16 13:14:36'),
(149, 445, 0, '2022-01-14 14:35:38'),
(150, 372, 0, '2020-06-04 20:32:25'),
(151, 68, 0, '2020-08-09 18:38:22'),
(152, 183, 0, '2022-06-04 21:42:42'),
(153, 159, 0, '2019-10-11 17:14:15'),
(154, 190, 0, '2020-09-07 00:37:50'),
(155, 180, 0, '2021-10-10 15:34:14'),
(156, 124, 0, '2022-05-23 18:46:58'),
(157, 325, 0, '2020-07-21 22:36:41'),
(158, 2, 0, '0000-00-00 00:00:00'),
(159, 311, 0, '2022-10-18 17:22:53'),
(160, 151, 0, '2022-09-28 01:12:23'),
(161, 246, 0, '2020-07-23 00:59:13'),
(162, 405, 0, '2021-05-02 00:23:18'),
(163, 372, 0, '2022-07-16 19:23:43'),
(164, 34, 0, '2020-06-18 23:40:30'),
(165, 51, 0, '2019-08-04 23:18:31'),
(166, 487, 0, '2022-02-11 15:54:37'),
(167, 434, 0, '2021-01-11 21:49:46'),
(168, 360, 0, '2020-03-01 22:42:49'),
(169, 354, 0, '2022-03-14 17:35:36'),
(170, 168, 0, '2019-01-13 01:14:29'),
(171, 301, 0, '2020-04-02 22:15:18'),
(172, 183, 0, '0000-00-00 00:00:00'),
(173, 171, 0, '2021-07-11 17:36:17'),
(174, 250, 0, '2020-06-02 14:42:28'),
(175, 165, 0, '2022-01-08 01:20:55'),
(176, 115, 0, '2022-06-14 19:45:38'),
(177, 271, 0, '2021-05-10 22:25:15'),
(178, 487, 0, '2019-06-19 21:20:20'),
(179, 92, 0, '2022-10-23 02:34:10'),
(180, 278, 0, '2021-02-11 22:32:11'),
(181, 13, 0, '2022-10-26 19:58:27'),
(182, 424, 0, '2021-04-28 02:25:37'),
(183, 401, 0, '2022-04-03 03:13:27'),
(184, 120, 0, '2022-05-17 14:34:19'),
(185, 91, 0, '2022-07-11 19:55:50'),
(186, 351, 0, '2022-02-04 00:33:31'),
(187, 396, 0, '2019-05-10 19:50:43'),
(188, 264, 0, '2022-02-07 21:31:16'),
(189, 408, 0, '2020-01-06 18:33:49'),
(190, 314, 0, '2019-01-03 18:11:48'),
(191, 353, 0, '0000-00-00 00:00:00'),
(192, 7, 0, '2021-04-27 15:55:11'),
(193, 480, 0, '2022-05-18 14:52:10'),
(194, 251, 0, '2019-12-26 02:49:52'),
(195, 387, 0, '0000-00-00 00:00:00'),
(196, 188, 0, '2019-04-07 03:17:16'),
(197, 290, 0, '0000-00-00 00:00:00'),
(198, 349, 0, '2019-11-18 16:22:40'),
(199, 394, 0, '2020-08-19 02:26:45'),
(200, 460, 0, '2020-06-05 18:26:24'),
(201, 203, 0, '2019-12-14 18:21:49'),
(202, 54, 0, '2021-11-16 14:28:31'),
(203, 113, 0, '2021-02-25 14:29:21'),
(204, 479, 0, '2019-06-15 21:11:10'),
(205, 340, 0, '2022-05-12 21:22:16'),
(206, 445, 0, '0000-00-00 00:00:00'),
(207, 28, 0, '2020-01-27 17:38:13'),
(208, 378, 0, '2019-07-03 19:48:49'),
(209, 84, 0, '0000-00-00 00:00:00'),
(210, 366, 0, '2019-01-18 01:57:49'),
(211, 465, 0, '2020-10-21 00:58:52'),
(212, 285, 0, '2019-01-03 22:29:40'),
(213, 275, 0, '2022-10-12 22:50:23'),
(214, 455, 0, '2019-02-13 19:28:25'),
(215, 190, 0, '2019-09-17 14:27:37'),
(216, 485, 0, '0000-00-00 00:00:00'),
(217, 27, 0, '0000-00-00 00:00:00'),
(218, 271, 0, '2022-04-15 03:31:41'),
(219, 284, 0, '2019-07-12 16:44:17'),
(220, 105, 0, '2019-09-15 01:18:55'),
(221, 386, 0, '2021-07-24 23:45:36'),
(222, 353, 0, '2022-04-12 20:37:17'),
(223, 42, 0, '2019-10-21 14:45:54'),
(224, 125, 0, '2021-08-18 23:27:52'),
(225, 151, 0, '2019-07-21 22:52:51'),
(226, 130, 0, '2019-10-03 21:57:56'),
(227, 81, 0, '2020-12-05 15:11:38'),
(228, 38, 0, '2020-08-15 17:52:21'),
(229, 408, 0, '2019-03-17 14:39:19'),
(230, 351, 0, '2020-06-06 22:11:26'),
(231, 386, 0, '2022-08-15 18:13:33'),
(232, 336, 0, '2020-11-11 13:56:26'),
(233, 269, 0, '0000-00-00 00:00:00'),
(234, 58, 0, '2022-08-09 19:49:48'),
(235, 442, 0, '2019-10-15 20:46:11'),
(236, 203, 0, '2019-05-22 14:51:27'),
(237, 26, 0, '2022-09-18 21:16:58'),
(238, 495, 0, '2019-10-02 00:17:53'),
(239, 479, 0, '2022-08-06 14:51:15'),
(240, 363, 0, '2019-03-23 02:49:28'),
(241, 126, 0, '2021-08-03 00:11:27'),
(242, 211, 0, '2020-08-05 16:59:50'),
(243, 35, 0, '2022-12-20 15:21:46'),
(244, 379, 0, '2020-12-02 16:36:27'),
(245, 457, 0, '2020-02-08 01:40:21'),
(246, 344, 0, '2021-10-26 02:18:54'),
(247, 224, 0, '2020-03-20 18:54:26'),
(248, 8, 0, '2020-05-05 23:36:35'),
(249, 488, 0, '2022-06-15 19:30:25'),
(250, 255, 0, '2020-11-04 17:31:39'),
(251, 382, 0, '2021-08-27 01:40:47'),
(252, 32, 0, '2022-05-04 00:35:47'),
(253, 186, 0, '2020-02-12 19:54:54'),
(254, 474, 0, '2019-09-16 01:26:23'),
(255, 136, 0, '2020-06-04 23:46:23'),
(256, 454, 0, '2022-09-18 19:54:44'),
(257, 313, 0, '2022-11-22 16:16:13'),
(258, 324, 0, '2020-04-23 02:27:24'),
(259, 234, 0, '2022-09-16 21:51:20'),
(260, 13, 0, '2021-02-04 23:52:22'),
(261, 161, 0, '2019-12-17 15:37:29'),
(262, 482, 0, '0000-00-00 00:00:00'),
(263, 144, 0, '2020-09-04 21:53:34'),
(264, 148, 0, '2022-01-13 18:48:12'),
(265, 404, 0, '2020-01-18 18:18:46'),
(266, 159, 0, '2019-06-17 22:17:41'),
(267, 112, 0, '2021-02-05 14:53:10'),
(268, 286, 0, '2021-01-13 22:46:31'),
(269, 440, 0, '2021-05-16 16:41:45'),
(270, 251, 0, '2019-12-26 15:28:14'),
(271, 135, 0, '2020-07-19 19:35:20'),
(272, 452, 0, '0000-00-00 00:00:00'),
(273, 163, 0, '2021-10-08 23:28:22'),
(274, 378, 0, '2022-12-20 23:45:52'),
(275, 445, 0, '2021-10-19 00:48:53'),
(276, 146, 0, '2022-09-01 14:27:37'),
(277, 274, 0, '2022-09-16 21:45:59'),
(278, 446, 0, '2021-04-15 14:47:56'),
(279, 130, 0, '2022-10-04 20:28:39'),
(280, 162, 0, '2019-01-27 13:11:42'),
(281, 77, 0, '2022-12-07 23:43:22'),
(282, 354, 0, '0000-00-00 00:00:00'),
(283, 389, 0, '2022-08-20 03:31:14'),
(284, 286, 0, '2019-04-17 00:33:51'),
(285, 149, 0, '2020-03-22 13:52:58'),
(286, 473, 0, '2021-04-10 15:49:53'),
(287, 324, 0, '2019-10-02 01:18:59'),
(288, 342, 0, '2019-03-23 00:33:45'),
(289, 220, 0, '2022-11-17 00:13:37'),
(290, 395, 0, '2022-02-07 00:52:57'),
(291, 43, 0, '2020-05-18 22:59:37'),
(292, 36, 0, '2021-07-12 21:45:14'),
(293, 277, 0, '2021-08-13 14:51:16'),
(294, 130, 0, '2022-04-10 01:16:58'),
(295, 47, 0, '2019-08-24 14:49:49'),
(296, 224, 0, '2020-10-10 19:15:58'),
(297, 413, 0, '2022-04-10 20:17:56'),
(298, 311, 0, '2022-04-22 17:37:31'),
(299, 233, 0, '2020-02-08 00:54:57'),
(300, 124, 0, '2020-10-06 14:26:57'),
(301, 303, 0, '2022-09-07 15:44:35'),
(302, 123, 0, '2020-07-23 15:24:31'),
(303, 356, 0, '2022-08-22 21:46:59'),
(304, 71, 0, '2020-01-15 02:50:36'),
(305, 341, 0, '0000-00-00 00:00:00'),
(306, 209, 0, '2022-04-08 17:41:52'),
(307, 41, 0, '2021-07-09 20:21:30'),
(308, 455, 0, '2021-09-11 19:31:41'),
(309, 231, 0, '2021-07-13 21:55:34'),
(310, 118, 0, '2019-07-08 22:16:35'),
(311, 434, 0, '2021-10-07 15:29:17'),
(312, 279, 0, '0000-00-00 00:00:00'),
(313, 332, 0, '2019-11-23 22:10:11'),
(314, 258, 0, '2019-02-01 15:40:44'),
(315, 236, 0, '2019-01-16 23:39:43'),
(316, 47, 0, '2019-08-11 19:54:17'),
(317, 42, 0, '2022-12-25 19:52:16'),
(318, 395, 0, '2022-09-11 21:22:49'),
(319, 61, 0, '2020-12-06 23:37:36'),
(320, 494, 0, '2022-12-03 18:10:23'),
(321, 453, 0, '2020-09-04 14:17:47'),
(322, 146, 0, '0000-00-00 00:00:00'),
(323, 370, 0, '2022-08-08 21:44:12'),
(324, 139, 0, '2022-10-18 02:11:14'),
(325, 201, 0, '2022-03-10 22:19:29'),
(326, 484, 0, '2022-11-08 01:56:45'),
(327, 95, 0, '2022-07-24 15:59:12'),
(328, 64, 0, '2020-10-12 22:47:14'),
(329, 95, 0, '2022-04-06 20:18:50'),
(330, 242, 0, '2019-10-10 17:58:48'),
(331, 265, 0, '2022-03-08 21:24:13'),
(332, 466, 0, '2019-10-02 21:54:54'),
(333, 3, 0, '2019-06-21 03:29:53'),
(334, 229, 0, '2020-02-19 14:56:12'),
(335, 246, 0, '2022-05-24 23:21:12'),
(336, 36, 0, '2022-01-15 15:59:42'),
(337, 487, 0, '2020-01-11 13:34:49'),
(338, 348, 0, '0000-00-00 00:00:00'),
(339, 254, 0, '2022-05-16 19:57:21'),
(340, 500, 0, '2021-08-14 00:42:47'),
(341, 68, 0, '2021-12-06 18:20:38'),
(342, 438, 0, '2019-11-05 22:42:38'),
(343, 231, 0, '2022-03-27 21:50:44'),
(344, 330, 0, '2019-01-24 01:24:31'),
(345, 182, 0, '2021-09-04 16:10:43'),
(346, 177, 0, '2019-04-04 17:20:39'),
(347, 278, 0, '2019-04-09 15:50:54'),
(348, 113, 0, '2019-10-07 00:50:41'),
(349, 408, 0, '2020-01-04 15:18:39'),
(350, 112, 0, '0000-00-00 00:00:00'),
(351, 11, 0, '2021-01-21 19:41:30'),
(352, 43, 0, '2022-04-26 15:45:46'),
(353, 416, 0, '2021-01-19 15:17:14'),
(354, 269, 0, '2019-05-18 00:38:58'),
(355, 11, 0, '2021-10-07 16:53:57'),
(356, 78, 0, '2021-04-18 19:10:14'),
(357, 93, 0, '2019-05-06 18:41:54'),
(358, 478, 0, '2019-01-16 20:36:24'),
(359, 158, 0, '2019-04-12 14:23:55'),
(360, 239, 0, '2021-07-11 19:37:48'),
(361, 491, 0, '2021-05-03 14:28:24'),
(362, 113, 0, '2019-04-02 17:22:58'),
(363, 359, 0, '2021-08-16 15:12:40'),
(364, 379, 0, '0000-00-00 00:00:00'),
(365, 378, 0, '2021-09-18 01:51:49'),
(366, 488, 0, '2019-01-11 14:25:54'),
(367, 238, 0, '2020-01-12 02:12:21'),
(368, 395, 0, '2021-06-09 18:41:59'),
(369, 198, 0, '2022-05-11 23:13:47'),
(370, 358, 0, '2020-08-13 20:10:54'),
(371, 255, 0, '0000-00-00 00:00:00'),
(372, 259, 0, '2022-03-25 23:45:20'),
(373, 418, 0, '2022-01-27 21:41:23'),
(374, 69, 0, '2022-09-25 20:33:58'),
(375, 148, 0, '2019-02-09 01:51:41'),
(376, 363, 0, '2022-03-05 01:39:17'),
(377, 181, 0, '2021-11-10 00:13:50'),
(378, 27, 0, '2019-05-09 17:37:47'),
(379, 385, 0, '2020-02-07 02:11:14'),
(380, 253, 0, '2019-02-06 17:49:28'),
(381, 346, 0, '0000-00-00 00:00:00'),
(382, 403, 0, '2020-03-19 14:26:27'),
(383, 221, 0, '2021-11-17 21:51:28'),
(384, 312, 0, '2022-08-17 20:58:47'),
(385, 29, 0, '2021-04-19 02:15:36'),
(386, 338, 0, '2019-11-13 18:47:37'),
(387, 384, 0, '2022-03-16 01:20:26'),
(388, 84, 0, '0000-00-00 00:00:00'),
(389, 5, 0, '2019-12-02 16:21:49'),
(390, 209, 0, '2022-11-24 19:46:11'),
(391, 174, 0, '2019-06-04 02:44:35'),
(392, 52, 0, '2019-01-01 18:48:11'),
(393, 296, 0, '2021-04-22 21:29:13'),
(394, 36, 0, '2020-01-09 18:55:10'),
(395, 366, 0, '2019-06-11 02:20:37'),
(396, 450, 0, '2019-03-21 00:50:41'),
(397, 282, 0, '2019-10-04 02:23:35'),
(398, 310, 0, '2021-03-09 21:14:49'),
(399, 211, 0, '2019-06-09 01:59:55'),
(400, 382, 0, '2022-11-26 00:13:19'),
(401, 291, 0, '2021-11-22 21:37:39'),
(402, 432, 0, '2021-07-15 17:48:45'),
(403, 465, 0, '2021-05-10 14:16:57'),
(404, 349, 0, '2021-07-03 01:57:52'),
(405, 237, 0, '2022-12-23 18:40:54'),
(406, 175, 0, '2020-08-11 15:31:56'),
(407, 271, 0, '2021-09-14 19:36:50'),
(408, 238, 0, '2021-01-07 15:24:42'),
(409, 49, 0, '2020-03-14 23:26:30'),
(410, 319, 0, '2022-02-14 16:59:47'),
(411, 466, 0, '2019-04-20 03:46:47'),
(412, 261, 0, '2020-09-13 01:48:57'),
(413, 185, 0, '2022-08-07 22:49:24'),
(414, 244, 0, '2019-09-28 01:55:19'),
(415, 378, 0, '2022-03-17 02:29:24'),
(416, 287, 0, '2021-10-13 17:37:49'),
(417, 338, 0, '2019-08-09 22:30:55'),
(418, 204, 0, '2020-12-12 02:47:57'),
(419, 201, 0, '2020-07-17 21:59:11'),
(420, 195, 0, '2022-08-16 19:36:56'),
(421, 212, 0, '2021-08-06 21:49:11'),
(422, 204, 0, '2021-10-04 02:54:10'),
(423, 96, 0, '2020-05-02 22:50:40'),
(424, 154, 0, '2019-09-21 18:56:55'),
(425, 25, 0, '2021-03-24 01:44:56'),
(426, 283, 0, '2020-09-25 20:59:28'),
(427, 470, 0, '2019-07-04 01:38:46'),
(428, 295, 0, '2020-10-24 13:29:26'),
(429, 183, 0, '2022-06-27 23:33:59'),
(430, 406, 0, '2020-08-01 19:45:48'),
(431, 364, 0, '2021-05-17 21:46:59'),
(432, 105, 0, '2022-08-22 20:43:53'),
(433, 227, 0, '2021-11-19 23:49:35'),
(434, 15, 0, '0000-00-00 00:00:00'),
(435, 275, 0, '0000-00-00 00:00:00'),
(436, 11, 0, '2022-07-09 01:39:58'),
(437, 327, 0, '2022-07-22 19:31:25'),
(438, 395, 0, '2022-08-23 18:56:58'),
(439, 331, 0, '2019-02-07 01:59:54'),
(440, 184, 0, '2021-03-12 02:57:18'),
(441, 400, 0, '2019-07-15 03:55:50'),
(442, 443, 0, '2021-01-17 00:11:26'),
(443, 311, 0, '2020-04-08 21:21:47'),
(444, 235, 0, '0000-00-00 00:00:00'),
(445, 425, 0, '2021-04-08 02:48:52'),
(446, 96, 0, '2022-04-19 14:11:38'),
(447, 414, 0, '2019-01-21 18:37:39'),
(448, 418, 0, '2022-02-09 19:41:54'),
(449, 260, 0, '2019-10-15 13:32:45'),
(450, 28, 0, '2020-09-25 18:29:37'),
(451, 23, 0, '2019-02-03 17:35:51'),
(452, 84, 0, '2020-04-05 23:49:22'),
(453, 364, 0, '2020-05-06 20:14:46'),
(454, 404, 0, '2020-09-11 01:52:25'),
(455, 446, 0, '2020-12-07 23:53:33'),
(456, 385, 0, '2021-08-03 17:53:12'),
(457, 81, 0, '2021-04-15 18:10:48'),
(458, 247, 0, '2021-07-19 00:31:56'),
(459, 21, 0, '2020-10-27 23:21:41'),
(460, 270, 0, '2021-11-06 18:12:49'),
(461, 54, 0, '2020-05-27 21:35:36'),
(462, 92, 0, '2021-01-14 22:40:55'),
(463, 315, 0, '2021-07-23 15:39:18'),
(464, 232, 0, '2021-07-04 01:31:20'),
(465, 422, 0, '0000-00-00 00:00:00'),
(466, 236, 0, '2019-10-18 17:32:34'),
(467, 60, 0, '2020-04-22 03:17:44'),
(468, 165, 0, '2021-10-18 00:14:29'),
(469, 244, 0, '2020-09-09 16:52:29'),
(470, 423, 0, '2021-11-15 23:23:59'),
(471, 179, 0, '2020-07-14 23:58:32'),
(472, 364, 0, '2019-05-05 01:43:28'),
(473, 310, 0, '2022-03-07 14:34:58'),
(474, 437, 0, '2022-06-05 17:23:34'),
(475, 243, 0, '2019-09-26 20:15:22'),
(476, 76, 0, '2021-11-26 00:56:48'),
(477, 485, 0, '0000-00-00 00:00:00'),
(478, 218, 0, '2021-07-04 23:46:30'),
(479, 334, 0, '2021-07-10 18:17:55'),
(480, 495, 0, '2020-08-24 16:46:28'),
(481, 470, 0, '0000-00-00 00:00:00'),
(482, 303, 0, '2020-11-07 18:21:10'),
(483, 352, 0, '2020-09-13 02:49:40'),
(484, 246, 0, '2021-12-20 01:57:53'),
(485, 472, 0, '2022-03-06 21:46:21'),
(486, 215, 0, '2020-04-25 18:37:31'),
(487, 87, 0, '2019-01-03 21:17:22'),
(488, 88, 0, '2021-05-01 21:19:10'),
(489, 177, 0, '2021-05-21 17:48:23'),
(490, 269, 0, '2022-12-03 16:11:50'),
(491, 355, 0, '2019-09-14 16:29:22'),
(492, 323, 0, '2020-12-23 19:24:44'),
(493, 457, 0, '2022-01-16 22:28:18'),
(494, 301, 0, '2020-01-25 22:28:28'),
(495, 422, 0, '0000-00-00 00:00:00'),
(496, 409, 0, '2019-12-01 21:39:32'),
(497, 449, 0, '2020-11-13 21:26:33'),
(498, 394, 0, '2021-08-20 16:18:29'),
(499, 431, 0, '2021-07-24 18:12:22'),
(500, 7, 0, '2020-07-03 21:23:58'),
(501, 5, 0, '2021-08-23 02:17:44'),
(502, 209, 0, '2019-11-21 15:33:39'),
(503, 335, 0, '2020-10-21 02:14:44'),
(504, 384, 0, '2019-08-13 22:54:50'),
(505, 474, 0, '2022-02-18 13:25:28'),
(506, 4, 0, '2022-02-19 20:47:23'),
(507, 183, 0, '2019-08-07 22:45:19'),
(508, 24, 0, '2021-08-04 00:11:17'),
(509, 223, 0, '0000-00-00 00:00:00'),
(510, 237, 0, '2019-08-09 15:45:12'),
(511, 188, 0, '2020-05-15 15:16:55'),
(512, 459, 0, '2020-01-16 16:32:55'),
(513, 10, 0, '2022-08-04 21:59:30'),
(514, 289, 0, '2021-02-08 16:52:15'),
(515, 12, 0, '2020-11-11 00:11:32'),
(516, 92, 0, '2021-12-11 01:10:39'),
(517, 374, 0, '2020-11-17 13:55:57'),
(518, 177, 0, '2022-05-02 03:11:44'),
(519, 30, 0, '2022-11-21 13:51:45'),
(520, 246, 0, '0000-00-00 00:00:00'),
(521, 172, 0, '2022-12-21 23:49:56'),
(522, 325, 0, '2019-09-16 00:21:16'),
(523, 444, 0, '0000-00-00 00:00:00'),
(524, 230, 0, '2019-03-16 16:19:51'),
(525, 396, 0, '2020-01-14 16:52:11'),
(526, 191, 0, '2020-11-22 16:28:41'),
(527, 480, 0, '2019-10-21 20:30:14'),
(528, 118, 0, '2020-12-17 20:22:26'),
(529, 67, 0, '2020-11-02 21:32:20'),
(530, 166, 0, '2020-11-18 19:36:10'),
(531, 87, 0, '2020-07-08 14:31:35'),
(532, 168, 0, '2019-09-24 21:40:13'),
(533, 464, 0, '2022-01-16 20:24:23'),
(534, 451, 0, '2019-02-18 14:18:57'),
(535, 299, 0, '2021-08-15 17:25:44'),
(536, 361, 0, '2019-11-01 15:44:34'),
(537, 388, 0, '2022-07-19 00:39:46'),
(538, 142, 0, '2021-06-22 16:52:26'),
(539, 451, 0, '2019-08-12 17:58:51'),
(540, 410, 0, '2020-06-17 03:13:11'),
(541, 104, 0, '2021-06-04 19:26:14'),
(542, 450, 0, '2022-05-25 02:47:38'),
(543, 254, 0, '0000-00-00 00:00:00'),
(544, 155, 0, '2019-06-27 15:43:34'),
(545, 145, 0, '2022-08-08 18:51:50'),
(546, 277, 0, '2021-07-15 17:35:17'),
(547, 362, 0, '2020-11-05 19:11:18'),
(548, 257, 0, '2022-01-10 13:32:54'),
(549, 263, 0, '2021-01-26 17:23:27'),
(550, 223, 0, '2022-05-24 01:46:42'),
(551, 53, 0, '2022-11-04 01:52:45'),
(552, 220, 0, '2021-09-22 22:34:46'),
(553, 270, 0, '2020-08-26 22:46:16'),
(554, 153, 0, '2021-07-11 22:53:43'),
(555, 24, 0, '2020-09-26 15:26:17'),
(556, 304, 0, '2022-04-16 00:33:39'),
(557, 268, 0, '0000-00-00 00:00:00'),
(558, 262, 0, '2021-07-08 22:15:25'),
(559, 500, 0, '2019-04-25 19:43:51'),
(560, 196, 0, '2020-08-27 15:19:18'),
(561, 229, 0, '2022-02-13 14:13:23'),
(562, 492, 0, '2022-02-15 00:47:25'),
(563, 86, 0, '2022-05-10 23:46:50'),
(564, 314, 0, '2022-11-04 17:13:17'),
(565, 244, 0, '2019-07-09 22:38:55'),
(566, 256, 0, '2021-07-05 22:43:32'),
(567, 477, 0, '2022-03-23 15:21:58'),
(568, 231, 0, '2019-10-17 18:39:17'),
(569, 357, 0, '2021-11-12 23:15:22'),
(570, 50, 0, '2020-07-15 00:45:45'),
(571, 465, 0, '2022-06-11 18:55:32'),
(572, 399, 0, '2020-10-01 15:59:41'),
(573, 273, 0, '2019-01-18 19:46:10'),
(574, 106, 0, '2021-08-01 18:50:34'),
(575, 306, 0, '2021-12-11 01:44:49'),
(576, 142, 0, '2022-10-13 00:25:48'),
(577, 464, 0, '2021-08-24 16:11:16'),
(578, 232, 0, '2019-01-03 21:54:54'),
(579, 185, 0, '2019-01-28 00:16:23'),
(580, 309, 0, '2022-12-26 17:58:48'),
(581, 318, 0, '2020-10-14 22:35:48'),
(582, 263, 0, '2022-03-18 14:33:20'),
(583, 497, 0, '2020-02-09 17:42:29'),
(584, 110, 0, '2021-10-11 22:32:32'),
(585, 207, 0, '2020-01-18 19:55:48'),
(586, 268, 0, '0000-00-00 00:00:00'),
(587, 186, 0, '2020-06-23 17:55:29'),
(588, 125, 0, '2020-02-04 13:44:41'),
(589, 375, 0, '2022-11-15 00:49:58'),
(590, 275, 0, '2019-11-26 02:54:46'),
(591, 158, 0, '2022-01-17 13:15:25'),
(592, 141, 0, '2021-06-04 14:49:42'),
(593, 145, 0, '2021-09-19 15:15:21'),
(594, 149, 0, '2020-05-14 02:57:21'),
(595, 459, 0, '2022-11-16 20:18:58'),
(596, 434, 0, '2019-12-23 15:26:59'),
(597, 335, 0, '2022-11-10 14:48:35'),
(598, 296, 0, '2022-06-18 17:18:38'),
(599, 81, 0, '0000-00-00 00:00:00'),
(600, 97, 0, '2022-05-06 15:11:52'),
(601, 233, 0, '2019-01-14 14:21:27'),
(602, 487, 0, '2021-12-21 13:26:51'),
(603, 444, 0, '2022-11-09 00:17:34'),
(604, 2, 0, '2020-02-24 21:20:24'),
(605, 359, 0, '2019-10-21 01:53:17'),
(606, 104, 0, '2022-11-18 13:58:44'),
(607, 221, 0, '2021-06-05 18:36:57'),
(608, 181, 0, '2019-07-16 16:37:52'),
(609, 251, 0, '2020-11-10 14:18:32'),
(610, 262, 0, '2022-02-24 02:34:41'),
(611, 146, 0, '2022-08-07 00:59:12'),
(612, 82, 0, '2019-12-04 23:11:48'),
(613, 451, 0, '2021-02-04 19:51:42'),
(614, 333, 0, '2019-11-14 01:24:15'),
(615, 208, 0, '2019-01-06 18:29:46'),
(616, 338, 0, '2019-04-16 20:40:27'),
(617, 19, 0, '2021-06-13 16:57:46'),
(618, 435, 0, '2020-02-13 18:24:57'),
(619, 44, 0, '2022-06-19 16:52:28'),
(620, 438, 0, '0000-00-00 00:00:00'),
(621, 174, 0, '2019-10-16 20:12:14'),
(622, 206, 0, '0000-00-00 00:00:00'),
(623, 154, 0, '0000-00-00 00:00:00'),
(624, 62, 0, '2021-02-23 18:25:22'),
(625, 321, 0, '2020-12-21 17:24:35'),
(626, 124, 0, '2021-08-05 18:57:57'),
(627, 392, 0, '2019-10-12 18:55:26'),
(628, 217, 0, '2019-07-07 14:31:12'),
(629, 483, 0, '2022-06-08 14:17:18'),
(630, 368, 0, '2019-09-20 15:47:38'),
(631, 56, 0, '2019-05-05 21:19:19'),
(632, 247, 0, '2022-03-14 21:34:48'),
(633, 28, 0, '2020-09-07 20:24:51'),
(634, 3, 0, '2019-10-09 21:13:27'),
(635, 443, 0, '2020-05-16 14:30:47'),
(636, 483, 0, '2022-07-02 19:28:43'),
(637, 224, 0, '2020-04-25 00:59:16'),
(638, 469, 0, '2019-12-17 15:42:38'),
(639, 9, 0, '2021-01-24 14:31:59'),
(640, 149, 0, '2022-05-01 19:31:25'),
(641, 499, 0, '2022-03-10 17:12:50'),
(642, 206, 0, '2020-10-18 17:29:16'),
(643, 139, 0, '2021-08-15 19:36:47'),
(644, 157, 0, '0000-00-00 00:00:00'),
(645, 5, 0, '2022-03-02 23:15:16'),
(646, 72, 0, '0000-00-00 00:00:00'),
(647, 30, 0, '2020-12-07 02:56:18'),
(648, 223, 0, '2021-04-21 02:44:28'),
(649, 316, 0, '2020-11-04 00:46:26'),
(650, 448, 0, '2019-01-21 23:37:29'),
(651, 9, 0, '0000-00-00 00:00:00'),
(652, 20, 0, '2019-06-07 00:41:40'),
(653, 27, 0, '2021-06-08 02:55:55'),
(654, 66, 0, '2021-02-06 02:31:26'),
(655, 101, 0, '2020-02-27 16:29:59'),
(656, 332, 0, '2022-01-05 01:51:22'),
(657, 385, 0, '2022-12-07 23:36:24'),
(658, 38, 0, '2020-04-07 21:43:51'),
(659, 436, 0, '0000-00-00 00:00:00'),
(660, 402, 0, '2020-11-14 02:45:46'),
(661, 31, 0, '2020-07-04 23:23:47'),
(662, 79, 0, '2022-07-17 22:14:45'),
(663, 383, 0, '2022-03-19 20:19:54'),
(664, 146, 0, '0000-00-00 00:00:00'),
(665, 275, 0, '2020-06-16 03:57:46'),
(666, 167, 0, '2020-11-25 16:32:35'),
(667, 103, 0, '2019-11-07 19:14:35'),
(668, 18, 0, '2020-12-05 01:57:47'),
(669, 213, 0, '2021-09-04 14:34:20'),
(670, 439, 0, '2022-02-06 21:41:42'),
(671, 454, 0, '0000-00-00 00:00:00'),
(672, 470, 0, '2020-01-01 17:39:54'),
(673, 166, 0, '2020-06-27 15:43:43'),
(674, 340, 0, '2022-02-04 13:59:39'),
(675, 56, 0, '2022-02-18 14:10:17'),
(676, 71, 0, '2021-02-10 00:19:57'),
(677, 451, 0, '2019-03-09 00:43:24'),
(678, 379, 0, '2022-12-25 22:15:27'),
(679, 337, 0, '2022-11-03 19:37:49'),
(680, 419, 0, '2020-02-04 18:12:49'),
(681, 237, 0, '2022-05-17 21:48:55'),
(682, 252, 0, '2020-06-14 15:38:42'),
(683, 358, 0, '2019-05-12 00:24:33'),
(684, 380, 0, '2019-12-07 23:41:54'),
(685, 287, 0, '2021-08-06 17:14:26'),
(686, 475, 0, '2019-07-27 19:13:48'),
(687, 339, 0, '2021-11-03 01:32:47'),
(688, 205, 0, '2021-02-12 19:30:33'),
(689, 268, 0, '0000-00-00 00:00:00'),
(690, 399, 0, '2022-04-19 03:37:26'),
(691, 384, 0, '2021-01-15 17:32:27'),
(692, 227, 0, '2020-09-10 16:35:18'),
(693, 420, 0, '2021-12-11 13:28:36'),
(694, 324, 0, '2021-05-05 01:32:33'),
(695, 4, 0, '2022-01-08 16:11:18'),
(696, 118, 0, '2020-06-23 20:14:41'),
(697, 456, 0, '2021-05-24 15:19:40'),
(698, 495, 0, '2020-10-08 22:40:57'),
(699, 153, 0, '2021-01-21 15:33:31'),
(700, 351, 0, '2022-01-04 18:58:42'),
(701, 152, 0, '2021-05-28 00:20:28'),
(702, 257, 0, '2020-09-13 02:17:41'),
(703, 316, 0, '2022-02-24 13:15:58'),
(704, 299, 0, '2019-04-23 16:19:14'),
(705, 98, 0, '2020-07-04 20:43:35'),
(706, 452, 0, '2020-01-03 16:25:35'),
(707, 388, 0, '0000-00-00 00:00:00'),
(708, 427, 0, '2020-07-13 16:10:29'),
(709, 250, 0, '2020-09-02 20:48:41'),
(710, 240, 0, '2020-04-03 14:38:57'),
(711, 125, 0, '2020-11-08 16:29:40'),
(712, 10, 0, '2022-11-19 23:45:17'),
(713, 141, 0, '2020-02-18 20:12:25'),
(714, 43, 0, '2020-08-10 23:45:39'),
(715, 353, 0, '2022-03-16 17:41:45'),
(716, 324, 0, '2019-09-16 02:44:25'),
(717, 81, 0, '0000-00-00 00:00:00'),
(718, 228, 0, '2021-06-22 22:10:52'),
(719, 397, 0, '2021-08-16 01:47:26'),
(720, 4, 0, '2022-02-11 15:18:46'),
(721, 48, 0, '2020-01-20 00:12:42'),
(722, 454, 0, '2019-11-04 20:43:26'),
(723, 170, 0, '2020-12-22 23:19:57'),
(724, 90, 0, '0000-00-00 00:00:00'),
(725, 157, 0, '2019-11-17 21:31:53'),
(726, 324, 0, '2019-10-22 13:54:36'),
(727, 419, 0, '2022-01-20 22:31:38'),
(728, 201, 0, '2020-06-05 19:55:13'),
(729, 362, 0, '2022-03-03 15:26:24'),
(730, 472, 0, '2022-11-02 21:52:22'),
(731, 230, 0, '2022-05-20 02:55:25'),
(732, 17, 0, '2022-05-08 14:25:33'),
(733, 489, 0, '2019-07-09 15:38:30'),
(734, 338, 0, '2019-03-12 01:28:48'),
(735, 105, 0, '2019-06-05 22:50:14'),
(736, 446, 0, '2022-08-07 14:20:48'),
(737, 92, 0, '2020-09-15 18:42:26'),
(738, 256, 0, '2019-10-16 20:15:46'),
(739, 6, 0, '2022-08-07 03:10:14'),
(740, 380, 0, '2020-01-10 18:10:22'),
(741, 233, 0, '2021-01-13 19:29:47'),
(742, 165, 0, '2021-12-13 00:33:22'),
(743, 372, 0, '2020-04-15 14:36:23'),
(744, 488, 0, '2019-02-14 21:12:46'),
(745, 221, 0, '2021-08-20 02:51:21'),
(746, 383, 0, '2021-03-10 23:42:15'),
(747, 42, 0, '2022-10-20 22:22:20'),
(748, 117, 0, '2022-03-27 13:59:11'),
(749, 363, 0, '2022-12-03 16:54:20'),
(750, 478, 0, '2020-09-02 17:37:41'),
(751, 8, 0, '2019-10-04 13:41:48'),
(752, 390, 0, '2022-04-24 22:55:24'),
(753, 47, 0, '2020-08-14 16:53:41'),
(754, 205, 0, '2021-09-16 22:51:57'),
(755, 465, 0, '2020-03-24 14:21:21'),
(756, 74, 0, '2022-08-09 14:15:30'),
(757, 453, 0, '2019-05-09 18:18:28'),
(758, 53, 0, '2022-03-24 02:57:32'),
(759, 289, 0, '0000-00-00 00:00:00'),
(760, 364, 0, '2022-07-09 21:55:46'),
(761, 24, 0, '2020-03-14 01:18:23'),
(762, 108, 0, '2021-02-20 18:24:49'),
(763, 397, 0, '2020-12-21 23:27:53'),
(764, 96, 0, '2020-05-08 00:43:10'),
(765, 87, 0, '2020-08-17 15:26:28'),
(766, 181, 0, '0000-00-00 00:00:00'),
(767, 200, 0, '2019-04-10 01:11:29'),
(768, 86, 0, '2022-12-25 15:33:56'),
(769, 305, 0, '2019-07-14 01:31:31'),
(770, 494, 0, '2020-08-12 18:57:28'),
(771, 215, 0, '2019-11-28 01:57:52'),
(772, 193, 0, '2021-01-17 02:15:46'),
(773, 168, 0, '2021-08-06 00:59:26'),
(774, 498, 0, '2020-06-22 03:15:44'),
(775, 143, 0, '2021-03-02 02:43:17'),
(776, 327, 0, '2020-03-13 02:26:33'),
(777, 72, 0, '2021-11-25 15:29:35'),
(778, 311, 0, '2021-01-11 18:27:17'),
(779, 16, 0, '2020-12-06 01:20:55'),
(780, 117, 0, '2021-06-02 23:38:10'),
(781, 62, 0, '2020-07-19 19:46:21'),
(782, 200, 0, '2022-12-20 01:25:41'),
(783, 83, 0, '2019-08-04 22:38:14'),
(784, 110, 0, '0000-00-00 00:00:00'),
(785, 120, 0, '2020-06-24 18:49:21'),
(786, 96, 0, '2019-06-11 01:16:45'),
(787, 381, 0, '2021-12-03 14:49:22'),
(788, 262, 0, '2022-06-19 17:58:18'),
(789, 468, 0, '2022-02-10 22:12:30'),
(790, 195, 0, '2021-06-27 17:35:17'),
(791, 381, 0, '2020-09-21 15:21:29'),
(792, 465, 0, '2021-02-11 00:57:42'),
(793, 209, 0, '2019-09-11 16:59:11'),
(794, 70, 0, '2022-02-17 23:26:12'),
(795, 155, 0, '2019-11-08 15:22:40'),
(796, 400, 0, '2020-12-17 19:18:37'),
(797, 487, 0, '2022-06-04 23:44:32'),
(798, 460, 0, '2020-08-22 20:20:34'),
(799, 192, 0, '2022-02-11 20:30:34'),
(800, 326, 0, '2019-06-01 17:12:50'),
(801, 18, 0, '2020-02-25 22:53:46'),
(802, 444, 0, '2021-10-06 20:40:31'),
(803, 23, 0, '2019-07-03 20:56:41'),
(804, 499, 0, '2022-04-28 03:46:59'),
(805, 477, 0, '2021-12-11 01:14:39'),
(806, 325, 0, '2020-11-27 01:59:24'),
(807, 163, 0, '2022-05-24 23:32:19'),
(808, 46, 0, '2019-01-11 23:11:51'),
(809, 496, 0, '2022-06-27 15:54:34'),
(810, 185, 0, '2020-04-23 15:38:17'),
(811, 405, 0, '2021-08-04 16:29:57'),
(812, 438, 0, '2021-10-10 16:55:20'),
(813, 257, 0, '2019-06-03 22:52:16'),
(814, 463, 0, '2019-08-17 00:23:39'),
(815, 413, 0, '2020-03-02 20:33:30'),
(816, 5, 0, '2022-03-04 16:32:34'),
(817, 382, 0, '2020-02-06 18:23:48'),
(818, 26, 0, '2019-04-05 17:59:50'),
(819, 266, 0, '2020-05-16 16:28:42'),
(820, 352, 0, '2022-06-06 01:55:38'),
(821, 142, 0, '2020-01-14 18:27:12'),
(822, 157, 0, '2021-01-01 17:25:26'),
(823, 76, 0, '2021-10-08 22:23:58'),
(824, 235, 0, '2020-02-21 21:23:40'),
(825, 302, 0, '2022-07-17 01:34:54'),
(826, 59, 0, '2022-03-15 21:38:41'),
(827, 122, 0, '2020-10-02 01:33:30'),
(828, 137, 0, '2021-04-05 19:56:14'),
(829, 168, 0, '2020-06-15 00:51:21'),
(830, 99, 0, '2021-03-09 23:15:12'),
(831, 432, 0, '2019-10-09 20:51:58'),
(832, 123, 0, '2019-04-08 01:27:54'),
(833, 325, 0, '2020-04-10 18:15:34'),
(834, 263, 0, '2019-06-14 23:42:19'),
(835, 13, 0, '2019-02-27 21:59:14'),
(836, 303, 0, '2021-06-11 19:24:46'),
(837, 404, 0, '2022-08-04 18:18:59'),
(838, 79, 0, '2021-07-10 17:41:34'),
(839, 72, 0, '2019-01-27 23:16:35'),
(840, 413, 0, '2021-05-09 17:37:27'),
(841, 416, 0, '2020-06-20 15:32:35'),
(842, 365, 0, '2020-04-21 21:46:48'),
(843, 463, 0, '2021-12-17 22:48:17'),
(844, 12, 0, '2020-12-05 19:51:11'),
(845, 340, 0, '2019-11-04 22:39:24'),
(846, 463, 0, '2021-06-19 17:58:24'),
(847, 46, 0, '2021-05-16 16:13:16'),
(848, 271, 0, '0000-00-00 00:00:00'),
(849, 241, 0, '2022-09-03 15:22:37'),
(850, 469, 0, '2019-03-07 13:43:56'),
(851, 139, 0, '2019-04-16 02:28:26'),
(852, 354, 0, '2020-07-23 03:28:46'),
(853, 466, 0, '2021-04-26 21:16:15'),
(854, 1, 0, '0000-00-00 00:00:00'),
(855, 208, 0, '2020-05-08 18:19:59'),
(856, 402, 0, '2022-04-16 18:40:35'),
(857, 297, 0, '2019-07-08 21:14:59'),
(858, 400, 0, '2019-11-19 16:33:12'),
(859, 208, 0, '0000-00-00 00:00:00'),
(860, 312, 0, '2019-05-27 03:41:50'),
(861, 483, 0, '2020-05-16 21:25:28'),
(862, 91, 0, '2020-02-03 21:31:48'),
(863, 191, 0, '2019-08-27 23:39:16'),
(864, 489, 0, '2022-01-16 17:31:45'),
(865, 354, 0, '2019-08-15 02:57:38'),
(866, 27, 0, '2019-11-14 01:33:33'),
(867, 238, 0, '2019-10-12 00:31:47'),
(868, 442, 0, '2021-12-04 14:42:16'),
(869, 145, 0, '2022-01-14 19:33:10'),
(870, 58, 0, '2022-09-27 14:18:34'),
(871, 472, 0, '2022-09-24 20:52:53'),
(872, 166, 0, '2022-03-22 13:42:16'),
(873, 459, 0, '2020-03-20 20:50:32'),
(874, 116, 0, '2022-11-24 19:15:28'),
(875, 95, 0, '2019-01-11 22:51:57'),
(876, 164, 0, '2019-09-26 01:21:17'),
(877, 168, 0, '2021-01-25 17:11:56'),
(878, 102, 0, '2022-05-26 23:50:36'),
(879, 299, 0, '2021-03-06 20:52:53'),
(880, 275, 0, '2022-12-05 22:30:55'),
(881, 79, 0, '2022-11-16 21:17:21'),
(882, 133, 0, '2021-05-24 20:25:49'),
(883, 46, 0, '2022-02-21 20:55:30'),
(884, 83, 0, '2021-06-19 23:37:26'),
(885, 447, 0, '0000-00-00 00:00:00'),
(886, 29, 0, '2021-12-20 00:30:28'),
(887, 152, 0, '2021-10-19 21:40:32'),
(888, 209, 0, '0000-00-00 00:00:00'),
(889, 167, 0, '2019-08-07 16:25:50'),
(890, 81, 0, '2019-04-07 21:44:22'),
(891, 438, 0, '2019-11-16 17:44:17'),
(892, 117, 0, '2021-10-10 16:41:15'),
(893, 118, 0, '2021-05-23 21:30:34'),
(894, 330, 0, '0000-00-00 00:00:00'),
(895, 209, 0, '2022-02-18 00:18:22'),
(896, 117, 0, '2019-03-15 18:54:25'),
(897, 319, 0, '0000-00-00 00:00:00'),
(898, 327, 0, '2021-12-12 18:50:22'),
(899, 79, 0, '2019-02-05 15:52:54'),
(900, 423, 0, '2022-05-07 00:38:30'),
(901, 207, 0, '2021-07-08 20:44:23'),
(902, 74, 0, '2021-01-22 17:43:57'),
(903, 120, 0, '0000-00-00 00:00:00'),
(904, 252, 0, '2019-06-15 19:57:16'),
(905, 462, 0, '2021-05-12 21:19:48'),
(906, 406, 0, '0000-00-00 00:00:00'),
(907, 190, 0, '2020-12-20 01:22:51'),
(908, 400, 0, '2020-07-05 21:21:16'),
(909, 337, 0, '2020-04-07 20:30:59'),
(910, 398, 0, '2020-02-27 23:17:15'),
(911, 245, 0, '2020-12-10 23:15:37'),
(912, 187, 0, '2022-12-14 23:57:38'),
(913, 251, 0, '2020-12-01 20:34:16'),
(914, 226, 0, '2022-09-13 13:31:24'),
(915, 492, 0, '2022-05-23 20:53:24'),
(916, 200, 0, '2019-06-16 21:46:10'),
(917, 334, 0, '2019-03-20 01:27:22'),
(918, 320, 0, '0000-00-00 00:00:00'),
(919, 440, 0, '2019-04-01 15:12:13'),
(920, 362, 0, '2022-08-04 19:37:26'),
(921, 453, 0, '0000-00-00 00:00:00'),
(922, 364, 0, '2020-11-12 00:29:14'),
(923, 460, 0, '2019-03-22 01:24:59'),
(924, 434, 0, '2021-05-26 17:55:42'),
(925, 157, 0, '2019-11-21 18:16:58'),
(926, 446, 0, '2021-04-20 01:24:18'),
(927, 371, 0, '2022-07-16 22:42:48'),
(928, 500, 0, '2019-07-14 17:49:48'),
(929, 7, 0, '2022-04-12 14:59:57'),
(930, 152, 0, '2020-09-04 15:55:22'),
(931, 54, 0, '2020-07-02 18:24:16'),
(932, 198, 0, '2022-09-13 20:10:39'),
(933, 428, 0, '2021-11-15 20:35:22'),
(934, 461, 0, '2019-04-21 19:25:49'),
(935, 421, 0, '2019-11-08 15:11:34'),
(936, 54, 0, '2019-12-15 21:56:38'),
(937, 332, 0, '2021-02-20 15:16:27'),
(938, 155, 0, '2019-07-01 19:34:19'),
(939, 72, 0, '2022-02-23 20:37:30'),
(940, 306, 0, '2020-07-21 01:21:24'),
(941, 301, 0, '2019-08-14 02:15:43'),
(942, 438, 0, '2021-03-06 23:57:17'),
(943, 251, 0, '2019-07-22 21:34:29'),
(944, 91, 0, '2021-12-20 19:22:25'),
(945, 57, 0, '2020-10-24 02:18:51'),
(946, 387, 0, '2019-04-19 15:43:56'),
(947, 440, 0, '2021-11-27 13:29:36'),
(948, 404, 0, '2020-09-04 15:20:20'),
(949, 426, 0, '2021-09-16 01:24:46'),
(950, 48, 0, '2020-03-22 20:52:59'),
(951, 51, 0, '2022-10-07 20:27:15'),
(952, 350, 0, '2021-12-04 00:39:20'),
(953, 210, 0, '2020-07-19 22:34:36'),
(954, 314, 0, '2020-05-20 14:51:57'),
(955, 98, 0, '2022-01-21 17:53:31'),
(956, 386, 0, '0000-00-00 00:00:00'),
(957, 462, 0, '2022-08-24 03:13:54'),
(958, 131, 0, '0000-00-00 00:00:00'),
(959, 118, 0, '2021-10-13 19:21:57'),
(960, 229, 0, '2021-10-07 16:26:38'),
(961, 205, 0, '2022-05-27 23:59:29'),
(962, 207, 0, '2021-12-17 14:30:23'),
(963, 364, 0, '2021-06-17 15:13:41'),
(964, 62, 0, '2022-07-08 15:16:48'),
(965, 463, 0, '0000-00-00 00:00:00'),
(966, 479, 0, '2021-05-27 18:53:16'),
(967, 462, 0, '2022-11-12 19:49:26'),
(968, 225, 0, '2021-09-05 16:46:20'),
(969, 8, 0, '2019-10-20 17:26:13'),
(970, 323, 0, '2022-10-19 16:54:42'),
(971, 49, 0, '2020-10-20 14:33:41'),
(972, 285, 0, '2020-08-26 00:37:29'),
(973, 288, 0, '2022-02-19 16:34:36'),
(974, 340, 0, '2019-09-09 02:40:58'),
(975, 452, 0, '2020-07-20 02:58:38'),
(976, 58, 0, '2019-03-02 02:58:47'),
(977, 335, 0, '2021-09-19 02:25:50'),
(978, 65, 0, '2021-03-09 14:27:11'),
(979, 106, 0, '2021-08-15 00:17:55'),
(980, 57, 0, '2021-01-28 02:27:27'),
(981, 438, 0, '2022-08-10 14:32:54'),
(982, 447, 0, '2021-04-18 20:36:42'),
(983, 185, 0, '2019-09-07 19:23:55'),
(984, 342, 0, '2020-09-08 16:45:17'),
(985, 109, 0, '2022-05-26 02:21:10'),
(986, 238, 0, '2022-03-24 21:40:14'),
(987, 22, 0, '2020-09-17 13:53:29'),
(988, 292, 0, '2022-07-06 23:56:34'),
(989, 213, 0, '2021-11-08 02:29:47'),
(990, 298, 0, '0000-00-00 00:00:00'),
(991, 317, 0, '0000-00-00 00:00:00'),
(992, 277, 0, '2020-12-26 22:22:51'),
(993, 409, 0, '2021-11-22 13:27:58'),
(994, 5, 0, '2021-12-05 22:10:52'),
(995, 31, 0, '2019-08-18 03:52:23'),
(996, 311, 0, '2020-09-18 23:44:33'),
(997, 54, 0, '2020-05-05 02:15:17'),
(998, 461, 0, '2022-04-24 22:25:19'),
(999, 453, 0, '2019-01-05 15:17:40'),
(1000, 59, 0, '2019-01-16 15:40:25'),
(1001, 250, 0, '2019-06-07 02:49:14'),
(1002, 193, 0, '2022-10-12 14:12:30'),
(1003, 242, 0, '2022-04-15 00:55:13'),
(1004, 182, 0, '2021-08-17 20:37:45'),
(1005, 181, 0, '0000-00-00 00:00:00'),
(1006, 152, 0, '2020-09-05 00:21:45'),
(1007, 125, 0, '2022-01-26 21:17:35');

-- --------------------------------------------------------

--
-- Table structure for table `ejecucionsecuencia`
--

CREATE TABLE `ejecucionsecuencia` (
  `id` bigint(20) NOT NULL,
  `id_ejecucion` bigint(20) NOT NULL,
  `id_secuencia` bigint(20) NOT NULL
) ENGINE=InnoDB DEFAULT CHARSET=utf8 COLLATE=utf8_bin;

--
-- Dumping data for table `ejecucionsecuencia`
--

INSERT INTO `ejecucionsecuencia` (`id`, `id_ejecucion`, `id_secuencia`) VALUES
(1, 1, 3),
(2, 1, 4),
(3, 2, 3),
(4, 2, 4),
(5, 3, 1),
(6, 3, 2),
(7, 4, 1),
(8, 4, 2),
(9, 5, 5),
(10, 5, 6),
(11, 6, 5),
(12, 6, 6),
(13, 7, 1),
(14, 7, 2);

-- --------------------------------------------------------

--
-- Table structure for table `entidad`
--

CREATE TABLE `entidad` (
  `id` bigint(20) NOT NULL,
  `nombre` varchar(15) COLLATE utf8_bin NOT NULL
) ENGINE=InnoDB DEFAULT CHARSET=utf8 COLLATE=utf8_bin;

--
-- Dumping data for table `entidad`
--

INSERT INTO `entidad` (`id`, `nombre`) VALUES
(2, 'EQUIPO'),
(3, 'SIMULACION'),
(1, 'USUARIO');

-- --------------------------------------------------------

--
-- Table structure for table `equipo`
--

CREATE TABLE `equipo` (
  `id` bigint(20) NOT NULL,
  `id_configurador` bigint(20) NOT NULL,
  `nombre` varchar(30) COLLATE utf8_bin NOT NULL,
  `descripcion` varchar(255) COLLATE utf8_bin NOT NULL,
  `url_repositorio` varchar(100) COLLATE utf8_bin NOT NULL,
  `estado` varchar(15) COLLATE utf8_bin NOT NULL
) ENGINE=InnoDB DEFAULT CHARSET=utf8 COLLATE=utf8_bin;

--
-- Dumping data for table `equipo`
--

INSERT INTO `equipo` (`id`, `id_configurador`, `nombre`, `descripcion`, `url_repositorio`, `estado`) VALUES
(1, 4, 'simulador12', 'A12EHEHEH', 'www.simu12.cl', 'PROTOTIPO'),
(2, 4, 'Genesis77', 'This is for entry test', 'www.gen77.com', 'PROTOTIPO'),
(3, 4, 'Sigma35', 'This is for entry test', 'www.sig35.com', 'PROTOTIPO'),
(4, 4, 'Fixflex9969577', 'Balanced tertiary emulation', 'google.com.au', 'PROTOTIPO'),
(5, 4, 'Overhold3165893', 'Intuitive bandwidth-monitored data-warehouse', 'ted.com', 'PROTOTIPO'),
(6, 4, 'Lotlux1715575', 'Re-engineered mobile workforce', 'woothemes.com', 'PROTOTIPO'),
(7, 4, 'Opela4399628', 'Assimilated motivating leverage', 'blogtalkradio.com', 'PROTOTIPO'),
(8, 4, 'Zoolab5150580', 'Inverse incremental website', '123-reg.co.uk', 'PROTOTIPO'),
(9, 4, 'Tin6270153', 'Mandatory holistic paradigm', 'bloglines.com', 'PROTOTIPO'),
(10, 4, 'Rank9395712', 'Streamlined motivating service-desk', 'accuweather.com', 'PROTOTIPO'),
(11, 4, 'Tres-Zap7856705', 'Switchable bandwidth-monitored help-desk', 'amazon.co.jp', 'PROTOTIPO'),
(12, 4, 'Fix San7823121', 'Inverse discrete migration', 'printfriendly.com', 'PROTOTIPO'),
(13, 4, 'Rank1822447', 'Future-proofed local success', 'lycos.com', 'PROTOTIPO'),
(14, 4, 'Otcom5264468', 'Quality-focused multi-state leverage', 'uol.com.br', 'PROTOTIPO'),
(15, 4, 'Namfix5141708', 'Organized fault-tolerant website', 'nhs.uk', 'PROTOTIPO'),
(16, 4, 'Namfix6742300', 'Enterprise-wide bifurcated time-frame', 'amazon.de', 'PROTOTIPO'),
(17, 4, 'Alphazap6320885', 'Advanced neutral application', 'sitemeter.com', 'PROTOTIPO'),
(18, 4, 'Bigtax9598852', 'Down-sized demand-driven contingency', 'icq.com', 'PROTOTIPO'),
(19, 4, 'Transcof5981912', 'Fundamental non-volatile hardware', 'howstuffworks.com', 'PROTOTIPO'),
(20, 4, 'Alpha4189578', 'Distributed secondary Graphic Interface', 'adobe.com', 'PROTOTIPO'),
(21, 4, 'Bytecard3482303', 'Switchable explicit frame', 'youtu.be', 'PROTOTIPO'),
(22, 4, 'Flowdesk3607288', 'Seamless mobile local area network', 'alibaba.com', 'PROTOTIPO'),
(23, 4, 'Home Ing6957745', 'Proactive web-enabled process improvement', 'nbcnews.com', 'PROTOTIPO'),
(24, 4, 'Opela8018812', 'Fully-configurable analyzing access', 'mapy.cz', 'PROTOTIPO'),
(25, 4, 'Tempsoft564453', 'Optimized object-oriented workforce', 'taobao.com', 'PROTOTIPO'),
(26, 4, 'Keylex8952243', 'Assimilated 4th generation model', 'github.com', 'PROTOTIPO'),
(27, 4, 'Asoka3515013', 'Public-key needs-based task-force', 'php.net', 'PROTOTIPO'),
(28, 4, 'Zathin6707680', 'Open-source discrete service-desk', 'macromedia.com', 'PROTOTIPO'),
(29, 4, 'Bitchip2673237', 'Assimilated solution-oriented extranet', 'webeden.co.uk', 'PROTOTIPO'),
(30, 4, 'Zontrax963811', 'Innovative zero administration collaboration', 'barnesandnoble.com', 'PROTOTIPO'),
(31, 4, 'Y-find4506166', 'Grass-roots homogeneous focus group', 'ovh.net', 'PROTOTIPO'),
(32, 4, 'Trippledex4917593', 'Vision-oriented motivating moratorium', 'xrea.com', 'PROTOTIPO'),
(33, 4, 'Flowdesk1644723', 'Right-sized uniform migration', 'wikispaces.com', 'PROTOTIPO'),
(34, 4, 'Job7743989', 'Monitored 24/7 pricing structure', 'slideshare.net', 'PROTOTIPO'),
(35, 4, 'Ronstring8555613', 'Configurable demand-driven capability', 'ucoz.ru', 'PROTOTIPO'),
(36, 4, 'Treeflex6952943', 'Innovative context-sensitive initiative', 'infoseek.co.jp', 'PROTOTIPO'),
(37, 4, 'Viva5515019', 'Inverse bifurcated intranet', 'pagesperso-orange.fr', 'PROTOTIPO'),
(38, 4, 'Rank7129941', 'Future-proofed optimizing access', 'bing.com', 'PROTOTIPO'),
(39, 4, 'Holdlamis2869634', 'Adaptive executive function', 'discuz.net', 'PROTOTIPO'),
(40, 4, 'Regrant475237', 'User-friendly intermediate encryption', 'blogtalkradio.com', 'PROTOTIPO'),
(41, 4, 'Alpha2463460', 'Integrated bifurcated application', 'w3.org', 'PROTOTIPO'),
(42, 4, 'Sub-Ex4368929', 'Focused dedicated open architecture', 'over-blog.com', 'PROTOTIPO'),
(43, 4, 'Alpha3421192', 'Reverse-engineered clear-thinking conglomeration', 'illinois.edu', 'PROTOTIPO'),
(44, 4, 'Transcof1012518', 'Assimilated multi-state interface', 'nytimes.com', 'PROTOTIPO'),
(45, 4, 'Trippledex8718447', 'Innovative homogeneous open system', 'ning.com', 'PROTOTIPO'),
(46, 4, 'Bigtax5898153', 'Ameliorated zero tolerance open architecture', 'myspace.com', 'PROTOTIPO'),
(47, 4, 'Regrant7674664', 'Cross-group dedicated attitude', 'blinklist.com', 'PROTOTIPO'),
(48, 4, 'Lotlux2337826', 'Expanded solution-oriented workforce', 'paypal.com', 'PROTOTIPO'),
(49, 4, 'Y-Solowarm1713042', 'Cloned secondary orchestration', 'geocities.jp', 'PROTOTIPO'),
(50, 4, 'Subin8125712', 'Optimized human-resource Graphic Interface', 'phpbb.com', 'PROTOTIPO'),
(51, 4, 'Prodder7473469', 'Persistent well-modulated matrices', 'jalbum.net', 'PROTOTIPO'),
(52, 4, 'Bitchip3854130', 'Adaptive system-worthy artificial intelligence', 'walmart.com', 'PROTOTIPO'),
(53, 4, 'Zathin2448468', 'Configurable clear-thinking process improvement', 'globo.com', 'PROTOTIPO'),
(54, 4, 'Flexidy7567111', 'Optimized attitude-oriented emulation', 'istockphoto.com', 'PROTOTIPO'),
(55, 4, 'Ronstring7770859', 'Face to face real-time adapter', 't-online.de', 'PROTOTIPO'),
(56, 4, 'Treeflex1265128', 'Distributed 24/7 matrix', 'ihg.com', 'PROTOTIPO'),
(57, 4, 'Namfix5057372', 'Up-sized fault-tolerant customer loyalty', 'umn.edu', 'PROTOTIPO'),
(58, 4, 'Gembucket1647130', 'Virtual clear-thinking hierarchy', 'amazon.com', 'PROTOTIPO'),
(59, 4, 'Bamity3677201', 'Pre-emptive client-server Graphical User Interface', 'cloudflare.com', 'PROTOTIPO'),
(60, 4, 'Namfix3659835', 'Business-focused local protocol', 'arizona.edu', 'PROTOTIPO'),
(61, 4, 'Bytecard7794541', 'Ameliorated homogeneous info-mediaries', 'java.com', 'PROTOTIPO'),
(62, 4, 'Veribet5804765', 'Multi-layered zero tolerance structure', 'ftc.gov', 'PROTOTIPO'),
(63, 4, 'Zontrax7525219', 'Robust content-based hardware', 'yellowbook.com', 'PROTOTIPO'),
(64, 4, 'Alpha676152', 'Ergonomic directional access', 'yellowbook.com', 'PROTOTIPO'),
(65, 4, 'Voyatouch5753370', 'Cross-group multi-state secured line', 'rambler.ru', 'PROTOTIPO'),
(66, 4, 'Andalax7375539', 'Visionary encompassing challenge', 'ed.gov', 'PROTOTIPO'),
(67, 4, 'Aerified4738589', 'Focused actuating structure', 'youtu.be', 'PROTOTIPO'),
(68, 4, 'Zaam-Dox2759346', 'Ameliorated intangible budgetary management', 'comsenz.com', 'PROTOTIPO'),
(69, 4, 'Stim3485095', 'Enterprise-wide composite task-force', 'desdev.cn', 'PROTOTIPO'),
(70, 4, 'Stim914369', 'Centralized grid-enabled frame', 'seattletimes.com', 'PROTOTIPO'),
(71, 4, 'Tres-Zap5603473', 'Ameliorated actuating budgetary management', 'hibu.com', 'PROTOTIPO'),
(72, 4, 'Home Ing5321883', 'Robust logistical capacity', 'icq.com', 'PROTOTIPO'),
(73, 4, 'Subin8909338', 'Stand-alone local artificial intelligence', 'smh.com.au', 'PROTOTIPO'),
(74, 4, 'Greenlam698324', 'Extended didactic standardization', 'netlog.com', 'PROTOTIPO'),
(75, 4, 'Cardify9831414', 'Profit-focused bottom-line standardization', 'oakley.com', 'PROTOTIPO'),
(76, 4, 'Bigtax8286931', 'Multi-channelled bottom-line monitoring', 'google.it', 'PROTOTIPO'),
(77, 4, 'Voyatouch1714813', 'Face to face high-level project', 'auda.org.au', 'PROTOTIPO'),
(78, 4, 'Bitwolf4768320', 'Exclusive dedicated Graphical User Interface', 'earthlink.net', 'PROTOTIPO'),
(79, 4, 'Job8246066', 'Universal background software', 'cnn.com', 'PROTOTIPO'),
(80, 4, 'Tin2151171', 'Customer-focused 24/7 system engine', 'gizmodo.com', 'PROTOTIPO'),
(81, 4, 'Mat Lam Tam7101875', 'Team-oriented interactive throughput', 'paypal.com', 'PROTOTIPO'),
(82, 4, 'Konklux263064', 'Streamlined mobile budgetary management', 'free.fr', 'PROTOTIPO'),
(83, 4, 'Pannier3736937', 'Organized well-modulated benchmark', 'telegraph.co.uk', 'PROTOTIPO'),
(84, 4, 'Stim7997717', 'Managed 3rd generation customer loyalty', 'goo.ne.jp', 'PROTOTIPO'),
(85, 4, 'Tin2354605', 'Assimilated zero administration Graphical User Interface', 'cnbc.com', 'PROTOTIPO'),
(86, 4, 'Trippledex1993797', 'Public-key bifurcated archive', 'netlog.com', 'PROTOTIPO'),
(87, 4, 'Flowdesk4584604', 'Enterprise-wide bottom-line core', 'ameblo.jp', 'PROTOTIPO'),
(88, 4, 'Asoka7101617', 'Function-based needs-based superstructure', 'apache.org', 'PROTOTIPO'),
(89, 4, 'Bitwolf5015801', 'User-friendly asymmetric service-desk', 'gizmodo.com', 'PROTOTIPO'),
(90, 4, 'Domainer9072419', 'Versatile multimedia parallelism', 'ezinearticles.com', 'PROTOTIPO'),
(91, 4, 'Biodex7058566', 'Automated radical Graphic Interface', 'ucsd.edu', 'PROTOTIPO'),
(92, 4, 'Namfix1168702', 'Compatible maximized portal', 'i2i.jp', 'PROTOTIPO'),
(93, 4, 'Tampflex7812206', 'Customer-focused uniform concept', 'washington.edu', 'PROTOTIPO'),
(94, 4, 'Bamity2493921', 'Distributed modular portal', 'dion.ne.jp', 'PROTOTIPO'),
(95, 4, 'Voyatouch3271582', 'Face to face directional Graphic Interface', 'sbwire.com', 'PROTOTIPO'),
(96, 4, 'Opela6203964', 'Reduced executive challenge', 'howstuffworks.com', 'PROTOTIPO'),
(97, 4, 'Mat Lam Tam1685754', 'Team-oriented methodical budgetary management', 'wix.com', 'PROTOTIPO'),
(98, 4, 'Redhold9596382', 'Organized heuristic hub', 'photobucket.com', 'PROTOTIPO'),
(99, 4, 'Cookley7070793', 'User-centric heuristic software', 'tuttocitta.it', 'PROTOTIPO'),
(100, 4, 'Flexidy4653059', 'Virtual demand-driven middleware', 'chron.com', 'PROTOTIPO');

-- --------------------------------------------------------

--
-- Table structure for table `evento`
--

CREATE TABLE `evento` (
  `id` bigint(20) NOT NULL,
  `id_secuencia` bigint(20) NOT NULL,
  `intensidad` int(11) NOT NULL,
  `duracion` int(11) NOT NULL,
  `posicion` int(11) NOT NULL
) ENGINE=InnoDB DEFAULT CHARSET=utf8 COLLATE=utf8_bin;

--
-- Dumping data for table `evento`
--

INSERT INTO `evento` (`id`, `id_secuencia`, `intensidad`, `duracion`, `posicion`) VALUES
(1, 1, 100, 50, 1),
(2, 2, 34, 22, 1),
(3, 2, 24, 55, 2),
(4, 3, 30, 20, 1),
(5, 3, 31, 21, 2),
(6, 3, 32, 22, 3),
(7, 3, 32, 22, 4),
(8, 3, 32, 22, 5),
(9, 3, 32, 22, 6),
(10, 3, 32, 22, 7),
(11, 3, 32, 22, 8),
(12, 3, 32, 22, 9),
(13, 3, 32, 22, 10),
(14, 3, 32, 22, 11),
(15, 3, 32, 22, 12),
(16, 3, 32, 22, 13),
(17, 3, 32, 22, 14),
(18, 3, 32, 22, 15),
(19, 3, 32, 22, 16),
(20, 3, 32, 22, 17),
(21, 3, 32, 22, 18),
(22, 3, 32, 22, 19),
(23, 3, 32, 22, 20),
(24, 4, 40, 30, 1),
(25, 4, 41, 31, 2),
(26, 4, 42, 32, 3),
(27, 4, 42, 32, 4),
(28, 4, 42, 32, 5),
(29, 4, 42, 32, 6),
(30, 4, 42, 32, 7),
(31, 4, 42, 32, 8),
(32, 4, 42, 32, 9),
(33, 4, 42, 32, 10),
(34, 4, 42, 32, 11),
(35, 4, 42, 32, 12),
(36, 4, 42, 32, 13),
(37, 4, 42, 32, 14),
(38, 4, 42, 32, 15),
(39, 4, 42, 32, 16),
(40, 4, 42, 32, 17),
(41, 4, 42, 32, 18),
(42, 4, 42, 32, 19),
(43, 4, 42, 32, 20),
(44, 4, 42, 32, 21),
(45, 4, 42, 32, 22),
(46, 4, 42, 32, 23),
(47, 4, 42, 32, 24),
(48, 5, 23, 3, 1),
(49, 5, 23, 32, 2);

-- --------------------------------------------------------

--
-- Table structure for table `pin`
--

CREATE TABLE `pin` (
  `id` bigint(20) NOT NULL,
  `id_placa` bigint(20) NOT NULL,
  `id_componente` bigint(20) NOT NULL,
  `nombre` varchar(30) COLLATE utf8_bin NOT NULL,
  `numero` int(11) NOT NULL,
  `descripcion` varchar(255) COLLATE utf8_bin NOT NULL,
  `conexion` varchar(20) COLLATE utf8_bin NOT NULL
) ENGINE=InnoDB DEFAULT CHARSET=utf8 COLLATE=utf8_bin;

--
-- Dumping data for table `pin`
--

INSERT INTO `pin` (`id`, `id_placa`, `id_componente`, `nombre`, `numero`, `descripcion`, `conexion`) VALUES
(1, 1, 1, 'pin1', 8, 'pin de entrada valvula de prueba', 'INPUT_ANALOGICO'),
(2, 1, 1, 'pin2', 9, 'pin de salida valvula de prueba', 'OUTPUT_ANALOGICO'),
(3, 1, 2, 'pin3', 10, 'pin de entrada valvula de prueba', 'INPUT_ANALOGICO'),
(4, 1, 2, 'pin4', 11, 'pin de salida valvula de prueba', 'OUTPUT_ANALOGICO'),
(5, 2, 3, 'pin5', 12, 'pin de entrada camara de prueba', 'INPUT_ANALOGICO'),
(6, 2, 3, 'pin6', 13, 'pin de salida camara de prueba', 'OUTPUT_ANALOGICO');

-- --------------------------------------------------------

--
-- Table structure for table `placa`
--

CREATE TABLE `placa` (
  `id` bigint(20) NOT NULL,
  `id_equipo` bigint(20) NOT NULL,
  `nombre` varchar(30) COLLATE utf8_bin NOT NULL,
  `descripcion` varchar(255) COLLATE utf8_bin NOT NULL,
  `tipo` varchar(20) COLLATE utf8_bin NOT NULL
) ENGINE=InnoDB DEFAULT CHARSET=utf8 COLLATE=utf8_bin;

--
-- Dumping data for table `placa`
--

INSERT INTO `placa` (`id`, `id_equipo`, `nombre`, `descripcion`, `tipo`) VALUES
(1, 1, 'PLACA del sim1', 'una placa bien chingona', 'ARDUINO_2560'),
(2, 1, 'PLACA2', 'la segunda', 'ESP_32');

-- --------------------------------------------------------

--
-- Table structure for table `registro`
--

CREATE TABLE `registro` (
  `id` bigint(20) NOT NULL,
  `id_usuario` bigint(20) NOT NULL,
  `id_entidad` bigint(20) NOT NULL,
  `fecha` timestamp NOT NULL DEFAULT current_timestamp() ON UPDATE current_timestamp(),
  `descripcion` varchar(255) COLLATE utf8_bin NOT NULL,
  `tipo_registro` varchar(25) COLLATE utf8_bin NOT NULL
) ENGINE=InnoDB DEFAULT CHARSET=utf8 COLLATE=utf8_bin;

--
-- Dumping data for table `registro`
--

INSERT INTO `registro` (`id`, `id_usuario`, `id_entidad`, `fecha`, `descripcion`, `tipo_registro`) VALUES
(2, 2, 1, '2022-09-15 14:39:49', 'El rut 12345678-9 registra al rut 22334455-k con el rol OPERADOR', 'CREACION_USUARIO'),
(3, 2, 1, '2022-09-15 14:41:56', '[ 15-09-2022 11:41:56 ] El usuario 22334455-k ha iniciado sesion', 'LOGIN_USUARIO'),
(4, 3, 1, '2022-09-15 14:46:01', 'El rut 12345678-9 registra al rut 44556677-k con el rol ADMINISTRADOR', 'CREACION_USUARIO'),
(5, 4, 1, '2022-09-15 14:46:13', 'El rut 12345678-9 registra al rut 33445566-k con el rol CONFIGURADOR', 'CREACION_USUARIO'),
(6, 4, 1, '2022-09-15 14:47:40', '[ 15-09-2022 11:47:40 ] El usuario 33445566-k ha iniciado sesion', 'LOGIN_USUARIO'),
(7, 2, 1, '2022-09-15 14:47:56', '[ 15-09-2022 11:47:56 ] El usuario 22334455-k ha iniciado sesion', 'LOGIN_USUARIO'),
(8, 4, 1, '2022-09-15 14:48:08', '[ 15-09-2022 11:48:08 ] El usuario 33445566-k ha iniciado sesion', 'LOGIN_USUARIO'),
(9, 2, 1, '2022-09-15 15:07:18', '[ 15-09-2022 12:07:18 ] El usuario 22334455-k ha iniciado sesion', 'LOGIN_USUARIO'),
(10, 2, 1, '2022-09-21 21:32:19', '[ 21-09-2022 18:32:19 ] El usuario 22334455-k ha iniciado sesion', 'LOGIN_USUARIO'),
(11, 2, 1, '2022-09-28 15:09:22', '[ 28-09-2022 12:09:22 ] El usuario 22334455-k ha iniciado sesion', 'LOGIN_USUARIO'),
(12, 2, 1, '2022-09-28 15:09:24', '[ 28-09-2022 12:09:24 ] El usuario 22334455-k ha iniciado sesion', 'LOGIN_USUARIO'),
(13, 2, 1, '2022-10-17 22:16:53', '[ 17-10-2022 19:16:53 ] El usuario 22334455-k ha iniciado sesion', 'LOGIN_USUARIO'),
(14, 2, 1, '2022-10-17 22:21:33', '[ 17-10-2022 19:21:33 ] El usuario 22334455-k ha iniciado sesion', 'LOGIN_USUARIO'),
(15, 2, 1, '2022-10-24 01:36:33', '[ 23-10-2022 22:36:33 ] El usuario 22334455-k ha iniciado sesion', 'LOGIN_USUARIO'),
(16, 2, 1, '2022-10-24 01:36:34', '[ 23-10-2022 22:36:34 ] El usuario 22334455-k ha iniciado sesion', 'LOGIN_USUARIO'),
(17, 2, 1, '2022-11-12 00:17:10', '[ 11-11-2022 21:17:10 ] El usuario 22334455-k ha iniciado sesion', 'LOGIN_USUARIO'),
(18, 2, 1, '2022-11-19 23:14:41', '[ 19-11-2022 20:14:40 ] El usuario 22334455-k ha iniciado sesion', 'LOGIN_USUARIO'),
(19, 4, 1, '2022-11-20 02:25:04', '[ 19-11-2022 23:25:04 ] El usuario 33445566-k ha iniciado sesion', 'LOGIN_USUARIO'),
(20, 2, 1, '2022-11-20 02:43:33', '[ 19-11-2022 23:43:33 ] El usuario 22334455-k ha iniciado sesion', 'LOGIN_USUARIO');

-- --------------------------------------------------------

--
-- Table structure for table `secuencia`
--

CREATE TABLE `secuencia` (
  `id` bigint(20) NOT NULL,
  `id_simulacion` bigint(20) NOT NULL,
  `id_componente` bigint(20) NOT NULL
) ENGINE=InnoDB DEFAULT CHARSET=utf8 COLLATE=utf8_bin;

--
-- Dumping data for table `secuencia`
--

INSERT INTO `secuencia` (`id`, `id_simulacion`, `id_componente`) VALUES
(1, 1, 1),
(2, 1, 2),
(3, 2, 1),
(4, 2, 2),
(5, 3, 1),
(6, 3, 2);

-- --------------------------------------------------------

--
-- Table structure for table `simulacion`
--

CREATE TABLE `simulacion` (
  `id` bigint(20) NOT NULL,
  `id_equipo` bigint(20) NOT NULL,
  `id_operador` bigint(20) NOT NULL,
  `nombre` varchar(30) COLLATE utf8_bin NOT NULL,
  `descripcion` varchar(255) COLLATE utf8_bin NOT NULL,
  `fecha_creacion` timestamp NOT NULL DEFAULT current_timestamp() ON UPDATE current_timestamp()
) ENGINE=InnoDB DEFAULT CHARSET=utf8 COLLATE=utf8_bin;

--
-- Dumping data for table `simulacion`
--

INSERT INTO `simulacion` (`id`, `id_equipo`, `id_operador`, `nombre`, `descripcion`, `fecha_creacion`) VALUES
(1, 1, 2, 'lluvia de 1981', 'prueba equis de', '2022-09-15 14:57:02'),
(2, 1, 2, 'simulacion del 86', 'simum86', '2022-09-15 15:08:30'),
(3, 1, 2, 'sadasd', 'wewe', '2022-09-21 21:57:38'),
(4, 87, 2, 'Lluvia del 2009 China9125440', 'Persevering national knowledge user', '2022-11-20 04:17:40'),
(5, 55, 2, 'Lluvia del 2004 China7389767', 'Visionary transitional protocol', '2022-11-20 04:17:40'),
(6, 20, 2, 'Lluvia del 1936 China3537035', 'Networked attitude-oriented core', '2022-11-20 04:17:40'),
(7, 62, 2, 'Lluvia del 1976 Democratic Rep', 'Object-based real-time infrastructure', '2022-11-20 04:17:40'),
(8, 59, 2, 'Lluvia del 1991 Malaysia613118', 'Cross-group neutral hub', '2022-11-20 04:17:40'),
(9, 88, 2, 'Lluvia del 1919 Niger557019', 'Customer-focused explicit synergy', '2022-11-20 04:17:40'),
(10, 87, 2, 'Lluvia del 1960 Guinea8617695', 'Grass-roots bi-directional time-frame', '2022-11-20 04:17:40'),
(11, 85, 2, 'Lluvia del 1997 Russia9079001', 'Pre-emptive 3rd generation matrices', '2022-11-20 04:17:40'),
(12, 32, 2, 'Lluvia del 1986 Portugal473190', 'Profound human-resource collaboration', '2022-11-20 04:17:40'),
(13, 87, 2, 'Lluvia del 1924 Russia3266464', 'Public-key holistic intranet', '2022-11-20 04:17:40'),
(14, 84, 2, 'Lluvia del 1982 Armenia9036446', 'User-friendly directional frame', '2022-11-20 04:17:40'),
(15, 29, 2, 'Lluvia del 1910 Indonesia82969', 'Digitized user-facing pricing structure', '2022-11-20 04:17:40'),
(16, 30, 2, 'Lluvia del 1913 Russia3497427', 'Realigned static strategy', '2022-11-20 04:17:40'),
(17, 33, 2, 'Lluvia del 1954 Peru6318998', 'Quality-focused maximized application', '2022-11-20 04:17:40'),
(18, 36, 2, 'Lluvia del 1938 Norway8714121', 'Public-key scalable alliance', '2022-11-20 04:17:40'),
(19, 64, 2, 'Lluvia del 1930 United States5', 'Multi-lateral methodical customer loyalty', '2022-11-20 04:17:40'),
(20, 92, 2, 'Lluvia del 1953 Indonesia77513', 'Automated value-added forecast', '2022-11-20 04:17:40'),
(21, 5, 2, 'Lluvia del 1962 United States3', 'Re-engineered cohesive info-mediaries', '2022-11-20 04:17:40'),
(22, 62, 2, 'Lluvia del 2003 Yemen2540222', 'Ameliorated 4th generation capability', '2022-11-20 04:17:40'),
(23, 73, 2, 'Lluvia del 1999 Indonesia34528', 'Open-source mission-critical application', '2022-11-20 04:17:40'),
(24, 22, 2, 'Lluvia del 2003 China4660904', 'Virtual bottom-line instruction set', '2022-11-20 04:17:40'),
(25, 8, 2, 'Lluvia del 1920 France8201997', 'Multi-tiered zero defect knowledge base', '2022-11-20 04:17:40'),
(26, 91, 2, 'Lluvia del 1936 Greece9588687', 'Programmable secondary middleware', '2022-11-20 04:17:40'),
(27, 55, 2, 'Lluvia del 1931 China225945', 'Decentralized static support', '2022-11-20 04:17:40'),
(28, 24, 2, 'Lluvia del 1980 United States3', 'Progressive directional conglomeration', '2022-11-20 04:17:40'),
(29, 54, 2, 'Lluvia del 2008 Lithuania16341', 'Switchable mobile strategy', '2022-11-20 04:17:40'),
(30, 46, 2, 'Lluvia del 1989 China7078357', 'Fully-configurable demand-driven strategy', '2022-11-20 04:17:40'),
(31, 10, 2, 'Lluvia del 1996 Japan22554', 'Phased optimizing synergy', '2022-11-20 04:17:40'),
(32, 97, 2, 'Lluvia del 1928 Colombia311118', 'Multi-channelled 3rd generation frame', '2022-11-20 04:17:40'),
(33, 41, 2, 'Lluvia del 1918 Indonesia27133', 'Visionary system-worthy website', '2022-11-20 04:17:40'),
(34, 41, 2, 'Lluvia del 2002 Philippines222', 'Devolved executive neural-net', '2022-11-20 04:17:40'),
(35, 2, 2, 'Lluvia del 1926 Russia4770907', 'Customizable responsive internet solution', '2022-11-20 04:17:40'),
(36, 68, 2, 'Lluvia del 1978 Tanzania232897', 'Balanced executive open architecture', '2022-11-20 04:17:40'),
(37, 39, 2, 'Lluvia del 1906 Gabon9833244', 'Re-contextualized directional circuit', '2022-11-20 04:17:40'),
(38, 73, 2, 'Lluvia del 1991 Croatia9992638', 'Team-oriented interactive matrix', '2022-11-20 04:17:40'),
(39, 90, 2, 'Lluvia del 1919 Comoros7043226', 'Optimized clear-thinking local area network', '2022-11-20 04:17:40'),
(40, 72, 2, 'Lluvia del 1958 Indonesia63158', 'Managed cohesive Graphic Interface', '2022-11-20 04:17:40'),
(41, 86, 2, 'Lluvia del 1946 France7361303', 'Streamlined modular info-mediaries', '2022-11-20 04:17:40'),
(42, 27, 2, 'Lluvia del 1986 Ukraine5257349', 'Upgradable well-modulated workforce', '2022-11-20 04:17:40'),
(43, 54, 2, 'Lluvia del 1915 Portugal986664', 'Vision-oriented client-server algorithm', '2022-11-20 04:17:40'),
(44, 23, 2, 'Lluvia del 1974 Colombia744830', 'Monitored multimedia time-frame', '2022-11-20 04:17:40'),
(45, 12, 2, 'Lluvia del 1910 United States7', 'Vision-oriented clear-thinking matrix', '2022-11-20 04:17:40'),
(46, 85, 2, 'Lluvia del 1902 Peru152938', 'Exclusive contextually-based open system', '2022-11-20 04:17:40'),
(47, 27, 2, 'Lluvia del 1918 Ireland5534891', 'Multi-layered empowering concept', '2022-11-20 04:17:40'),
(48, 93, 2, 'Lluvia del 1933 Indonesia61847', 'Fully-configurable zero defect internet solution', '2022-11-20 04:17:40'),
(49, 68, 2, 'Lluvia del 1926 Brazil193902', 'Progressive executive task-force', '2022-11-20 04:17:40'),
(50, 86, 2, 'Lluvia del 2010 France4332090', 'Optimized 24 hour Graphic Interface', '2022-11-20 04:17:40'),
(51, 69, 2, 'Lluvia del 1936 France4990888', 'Business-focused maximized installation', '2022-11-20 04:17:40'),
(52, 33, 2, 'Lluvia del 1926 Philippines270', 'Implemented mission-critical pricing structure', '2022-11-20 04:17:40'),
(53, 75, 2, 'Lluvia del 1932 Indonesia93550', 'Customer-focused incremental middleware', '2022-11-20 04:17:40'),
(54, 38, 2, 'Lluvia del 1918 Thailand305029', 'Synergized 3rd generation monitoring', '2022-11-20 04:17:40'),
(55, 60, 2, 'Lluvia del 2007 Indonesia71686', 'Seamless holistic extranet', '2022-11-20 04:17:40'),
(56, 43, 2, 'Lluvia del 1904 Russia1553526', 'Profound scalable implementation', '2022-11-20 04:17:40'),
(57, 43, 2, 'Lluvia del 1900 Philippines889', 'Right-sized leading edge throughput', '2022-11-20 04:17:40'),
(58, 76, 2, 'Lluvia del 1949 Japan2854118', 'Networked global moderator', '2022-11-20 04:17:40'),
(59, 54, 2, 'Lluvia del 1994 France9976074', 'Profound 24/7 installation', '2022-11-20 04:17:40'),
(60, 15, 2, 'Lluvia del 1914 Hungary8150647', 'Down-sized hybrid toolset', '2022-11-20 04:17:40'),
(61, 34, 2, 'Lluvia del 1952 China7722100', 'Focused zero defect portal', '2022-11-20 04:17:40'),
(62, 90, 2, 'Lluvia del 1924 Ukraine4230762', 'Intuitive grid-enabled pricing structure', '2022-11-20 04:17:40'),
(63, 6, 2, 'Lluvia del 1926 Pakistan810161', 'Mandatory grid-enabled superstructure', '2022-11-20 04:17:40'),
(64, 1, 2, 'Lluvia del 1919 Sweden8067209', 'Open-source 24/7 circuit', '2022-11-20 04:17:40'),
(65, 4, 2, 'Lluvia del 2008 China8135938', 'Switchable systematic process improvement', '2022-11-20 04:17:40'),
(66, 60, 2, 'Lluvia del 1903 Colombia747588', 'Versatile intangible neural-net', '2022-11-20 04:17:40'),
(67, 76, 2, 'Lluvia del 1995 Ukraine3978631', 'Synchronised optimal middleware', '2022-11-20 04:17:40'),
(68, 33, 2, 'Lluvia del 1927 Ireland6897249', 'Intuitive upward-trending contingency', '2022-11-20 04:17:40'),
(69, 53, 2, 'Lluvia del 1915 Afghanistan995', 'Down-sized system-worthy help-desk', '2022-11-20 04:17:40'),
(70, 8, 2, 'Lluvia del 1969 Bosnia and Her', 'Streamlined methodical architecture', '2022-11-20 04:17:40'),
(71, 18, 2, 'Lluvia del 1986 Serbia7524516', 'Multi-tiered discrete forecast', '2022-11-20 04:17:40'),
(72, 81, 2, 'Lluvia del 1932 China1658150', 'Customizable client-server middleware', '2022-11-20 04:17:40'),
(73, 63, 2, 'Lluvia del 1953 Philippines804', 'Secured empowering extranet', '2022-11-20 04:17:40'),
(74, 42, 2, 'Lluvia del 1969 Bangladesh2994', 'Reverse-engineered cohesive function', '2022-11-20 04:17:40'),
(75, 55, 2, 'Lluvia del 1900 Russia2409314', 'User-centric scalable collaboration', '2022-11-20 04:17:40'),
(76, 69, 2, 'Lluvia del 1979 Pakistan166549', 'Re-engineered exuding approach', '2022-11-20 04:17:40'),
(77, 82, 2, 'Lluvia del 1905 Bangladesh4918', 'Ergonomic multi-state model', '2022-11-20 04:17:40'),
(78, 80, 2, 'Lluvia del 2009 China5099169', 'Fully-configurable global productivity', '2022-11-20 04:17:40'),
(79, 18, 2, 'Lluvia del 1971 Indonesia51177', 'Proactive bandwidth-monitored budgetary management', '2022-11-20 04:17:40'),
(80, 51, 2, 'Lluvia del 1934 France6052349', 'Re-contextualized grid-enabled process improvement', '2022-11-20 04:17:40'),
(81, 46, 2, 'Lluvia del 1957 Indonesia85219', 'De-engineered transitional hardware', '2022-11-20 04:17:40'),
(82, 30, 2, 'Lluvia del 1933 Russia8279564', 'Versatile incremental customer loyalty', '2022-11-20 04:17:40'),
(83, 17, 2, 'Lluvia del 1934 Ghana9672797', 'Function-based discrete circuit', '2022-11-20 04:17:40'),
(84, 23, 2, 'Lluvia del 1946 Japan6759866', 'Progressive intermediate infrastructure', '2022-11-20 04:17:40'),
(85, 51, 2, 'Lluvia del 1905 Czech Republic', 'Open-architected foreground portal', '2022-11-20 04:17:40'),
(86, 9, 2, 'Lluvia del 2000 Russia4359068', 'Organized eco-centric array', '2022-11-20 04:17:40'),
(87, 73, 2, 'Lluvia del 1983 China3431266', 'Phased context-sensitive orchestration', '2022-11-20 04:17:40'),
(88, 14, 2, 'Lluvia del 1976 Kazakhstan4679', 'Robust explicit encoding', '2022-11-20 04:17:40'),
(89, 84, 2, 'Lluvia del 1932 Russia1512773', 'Horizontal human-resource capability', '2022-11-20 04:17:40'),
(90, 69, 2, 'Lluvia del 1919 China789338', 'Advanced global algorithm', '2022-11-20 04:17:40'),
(91, 99, 2, 'Lluvia del 1914 China590186', 'Focused 4th generation workforce', '2022-11-20 04:17:40'),
(92, 71, 2, 'Lluvia del 1963 Indonesia53052', 'Face to face local knowledge base', '2022-11-20 04:17:40'),
(93, 5, 2, 'Lluvia del 1922 Mexico1425338', 'Digitized full-range moratorium', '2022-11-20 04:17:40'),
(94, 64, 2, 'Lluvia del 1936 Philippines313', 'Optional motivating artificial intelligence', '2022-11-20 04:17:40'),
(95, 49, 2, 'Lluvia del 1988 France301930', 'Synchronised explicit array', '2022-11-20 04:17:40'),
(96, 97, 2, 'Lluvia del 1923 Indonesia83531', 'Seamless composite circuit', '2022-11-20 04:17:40'),
(97, 38, 2, 'Lluvia del 1984 United States4', 'Persistent 5th generation time-frame', '2022-11-20 04:17:40'),
(98, 73, 2, 'Lluvia del 1957 Peru8415612', 'Advanced homogeneous parallelism', '2022-11-20 04:17:40'),
(99, 59, 2, 'Lluvia del 1914 Madagascar9846', 'Universal exuding core', '2022-11-20 04:17:40'),
(100, 46, 2, 'Lluvia del 1913 China8505131', 'Inverse modular forecast', '2022-11-20 04:17:40'),
(101, 100, 2, 'Lluvia del 1991 Russia634191', 'Customizable object-oriented budgetary management', '2022-11-20 04:17:40'),
(102, 61, 2, 'Lluvia del 1961 Morocco6282722', 'Devolved even-keeled portal', '2022-11-20 04:17:40'),
(103, 14, 2, 'Lluvia del 1900 China7058053', 'Reverse-engineered contextually-based forecast', '2022-11-20 04:17:40'),
(104, 16, 2, 'Lluvia del 1924 Portugal153224', 'Advanced heuristic database', '2022-11-20 04:17:40'),
(105, 67, 2, 'Lluvia del 1972 Myanmar6422663', 'Object-based interactive adapter', '2022-11-20 04:17:40'),
(106, 40, 2, 'Lluvia del 1934 Russia5180292', 'Switchable fresh-thinking methodology', '2022-11-20 04:17:40'),
(107, 45, 2, 'Lluvia del 2008 Philippines948', 'Function-based global challenge', '2022-11-20 04:17:40'),
(108, 17, 2, 'Lluvia del 1922 Antigua and Ba', 'Quality-focused scalable initiative', '2022-11-20 04:17:40'),
(109, 73, 2, 'Lluvia del 1990 China9481142', 'Profit-focused stable interface', '2022-11-20 04:17:40'),
(110, 2, 2, 'Lluvia del 1904 Canada4931073', 'Customer-focused bifurcated capability', '2022-11-20 04:17:40'),
(111, 44, 2, 'Lluvia del 1957 Brazil4923888', 'Fundamental responsive neural-net', '2022-11-20 04:17:40'),
(112, 44, 2, 'Lluvia del 2007 Ukraine5212561', 'Polarised next generation productivity', '2022-11-20 04:17:40'),
(113, 22, 2, 'Lluvia del 1998 Philippines175', 'Cross-platform transitional hierarchy', '2022-11-20 04:17:40'),
(114, 77, 2, 'Lluvia del 1919 Uruguay2891954', 'Visionary regional secured line', '2022-11-20 04:17:40'),
(115, 77, 2, 'Lluvia del 1953 China4679633', 'Multi-channelled incremental structure', '2022-11-20 04:17:40'),
(116, 49, 2, 'Lluvia del 1918 Thailand773268', 'Innovative 4th generation hierarchy', '2022-11-20 04:17:40'),
(117, 49, 2, 'Lluvia del 1990 Sweden3302638', 'Networked full-range core', '2022-11-20 04:17:40'),
(118, 32, 2, 'Lluvia del 1936 China2783839', 'Cross-platform dynamic product', '2022-11-20 04:17:40'),
(119, 95, 2, 'Lluvia del 1922 Indonesia97240', 'De-engineered local policy', '2022-11-20 04:17:40'),
(120, 36, 2, 'Lluvia del 1976 Philippines732', 'Streamlined directional complexity', '2022-11-20 04:17:40'),
(121, 65, 2, 'Lluvia del 1991 South Korea241', 'Reactive web-enabled projection', '2022-11-20 04:17:40'),
(122, 48, 2, 'Lluvia del 1986 France6574471', 'Focused user-facing ability', '2022-11-20 04:17:40'),
(123, 7, 2, 'Lluvia del 1908 Sweden6306831', 'Diverse encompassing groupware', '2022-11-20 04:17:40'),
(124, 88, 2, 'Lluvia del 1967 Indonesia50780', 'Enhanced high-level framework', '2022-11-20 04:17:40'),
(125, 62, 2, 'Lluvia del 1909 China4902162', 'Diverse well-modulated productivity', '2022-11-20 04:17:40'),
(126, 8, 2, 'Lluvia del 1993 Japan5681827', 'Front-line zero defect function', '2022-11-20 04:17:40'),
(127, 38, 2, 'Lluvia del 1960 Peru6596213', 'Visionary fresh-thinking frame', '2022-11-20 04:17:40'),
(128, 98, 2, 'Lluvia del 1962 China6913807', 'Assimilated bifurcated protocol', '2022-11-20 04:17:40'),
(129, 85, 2, 'Lluvia del 1985 Czech Republic', 'Persistent radical complexity', '2022-11-20 04:17:40'),
(130, 19, 2, 'Lluvia del 1954 Russia5181699', 'Business-focused interactive extranet', '2022-11-20 04:17:40'),
(131, 86, 2, 'Lluvia del 1903 China8332069', 'De-engineered disintermediate adapter', '2022-11-20 04:17:40'),
(132, 66, 2, 'Lluvia del 1977 China3338320', 'Organic 24/7 Graphic Interface', '2022-11-20 04:17:40'),
(133, 77, 2, 'Lluvia del 1906 Dominican Repu', 'Assimilated global website', '2022-11-20 04:17:40'),
(134, 85, 2, 'Lluvia del 1934 Japan5198551', 'Triple-buffered asynchronous task-force', '2022-11-20 04:17:40'),
(135, 52, 2, 'Lluvia del 1961 Indonesia89871', 'Customer-focused actuating customer loyalty', '2022-11-20 04:17:40'),
(136, 73, 2, 'Lluvia del 1921 Slovenia727717', 'Down-sized zero administration framework', '2022-11-20 04:17:40'),
(137, 2, 2, 'Lluvia del 1993 Pakistan873767', 'Synergistic disintermediate system engine', '2022-11-20 04:17:40'),
(138, 37, 2, 'Lluvia del 1971 United States7', 'Distributed 3rd generation knowledge user', '2022-11-20 04:17:40'),
(139, 67, 2, 'Lluvia del 1992 Czech Republic', 'Virtual real-time ability', '2022-11-20 04:17:40'),
(140, 72, 2, 'Lluvia del 1971 China6248524', 'Versatile empowering open system', '2022-11-20 04:17:40'),
(141, 14, 2, 'Lluvia del 2005 Indonesia90000', 'Optimized homogeneous complexity', '2022-11-20 04:17:40'),
(142, 40, 2, 'Lluvia del 1911 Zambia9503029', 'Sharable well-modulated structure', '2022-11-20 04:17:40'),
(143, 4, 2, 'Lluvia del 1931 Poland8046128', 'Public-key dedicated pricing structure', '2022-11-20 04:17:40'),
(144, 58, 2, 'Lluvia del 1958 Azerbaijan7738', 'De-engineered disintermediate intranet', '2022-11-20 04:17:40'),
(145, 83, 2, 'Lluvia del 1923 China5232986', 'Team-oriented context-sensitive portal', '2022-11-20 04:17:40'),
(146, 9, 2, 'Lluvia del 1976 China2552738', 'Operative real-time workforce', '2022-11-20 04:17:40'),
(147, 55, 2, 'Lluvia del 1986 Sweden600291', 'Sharable client-server open architecture', '2022-11-20 04:17:40'),
(148, 37, 2, 'Lluvia del 1904 Indonesia20116', 'Streamlined client-driven database', '2022-11-20 04:17:40'),
(149, 38, 2, 'Lluvia del 1903 Philippines239', 'De-engineered 5th generation ability', '2022-11-20 04:17:40'),
(150, 46, 2, 'Lluvia del 1994 Tunisia4554119', 'Compatible zero defect synergy', '2022-11-20 04:17:40'),
(151, 42, 2, 'Lluvia del 1951 Palestinian Te', 'Down-sized executive challenge', '2022-11-20 04:17:40'),
(152, 91, 2, 'Lluvia del 2009 Indonesia72914', 'Exclusive executive attitude', '2022-11-20 04:17:40'),
(153, 55, 2, 'Lluvia del 1902 Vietnam7024122', 'Progressive actuating service-desk', '2022-11-20 04:17:40'),
(154, 35, 2, 'Lluvia del 1972 Indonesia30502', 'Innovative disintermediate knowledge user', '2022-11-20 04:17:40'),
(155, 17, 2, 'Lluvia del 1900 China5836495', 'Re-engineered 3rd generation extranet', '2022-11-20 04:17:40'),
(156, 66, 2, 'Lluvia del 1955 Sweden5602241', 'Multi-channelled client-server service-desk', '2022-11-20 04:17:40'),
(157, 97, 2, 'Lluvia del 1901 China7941195', 'Face to face grid-enabled Graphical User Interface', '2022-11-20 04:17:40'),
(158, 64, 2, 'Lluvia del 1961 Vietnam1690480', 'Expanded asymmetric infrastructure', '2022-11-20 04:17:40'),
(159, 28, 2, 'Lluvia del 1942 Thailand367853', 'Open-source 24/7 flexibility', '2022-11-20 04:17:40'),
(160, 67, 2, 'Lluvia del 1916 Madagascar3544', 'Multi-channelled incremental frame', '2022-11-20 04:17:40'),
(161, 14, 2, 'Lluvia del 1956 Brazil1192701', 'Universal next generation capacity', '2022-11-20 04:17:40'),
(162, 3, 2, 'Lluvia del 1907 Canada5363932', 'Self-enabling 24/7 approach', '2022-11-20 04:17:40'),
(163, 65, 2, 'Lluvia del 1901 China6690419', 'Advanced global software', '2022-11-20 04:17:40'),
(164, 71, 2, 'Lluvia del 1938 Indonesia43475', 'Business-focused bifurcated instruction set', '2022-11-20 04:17:40'),
(165, 94, 2, 'Lluvia del 1920 China2073957', 'Reverse-engineered leading edge encoding', '2022-11-20 04:17:40'),
(166, 84, 2, 'Lluvia del 1985 Indonesia97095', 'Face to face multimedia throughput', '2022-11-20 04:17:40'),
(167, 13, 2, 'Lluvia del 1948 Philippines665', 'Decentralized eco-centric extranet', '2022-11-20 04:17:40'),
(168, 3, 2, 'Lluvia del 2005 Indonesia51185', 'Fully-configurable grid-enabled middleware', '2022-11-20 04:17:40'),
(169, 51, 2, 'Lluvia del 1955 Brazil94631', 'Function-based real-time portal', '2022-11-20 04:17:40'),
(170, 9, 2, 'Lluvia del 1922 Equatorial Gui', 'Devolved reciprocal encryption', '2022-11-20 04:17:40'),
(171, 4, 2, 'Lluvia del 1928 Peru8122066', 'Diverse content-based function', '2022-11-20 04:17:40'),
(172, 90, 2, 'Lluvia del 1944 China2288150', 'Self-enabling 24 hour focus group', '2022-11-20 04:17:40'),
(173, 62, 2, 'Lluvia del 1974 Indonesia81133', 'Proactive bifurcated access', '2022-11-20 04:17:40'),
(174, 62, 2, 'Lluvia del 1933 Indonesia26181', 'Face to face non-volatile structure', '2022-11-20 04:17:40'),
(175, 81, 2, 'Lluvia del 1976 South Africa87', 'Operative content-based definition', '2022-11-20 04:17:40'),
(176, 54, 2, 'Lluvia del 1992 Vietnam1041704', 'Open-architected impactful frame', '2022-11-20 04:17:40'),
(177, 27, 2, 'Lluvia del 1910 Philippines701', 'Versatile empowering info-mediaries', '2022-11-20 04:17:40'),
(178, 79, 2, 'Lluvia del 1946 Russia5048314', 'Versatile 6th generation throughput', '2022-11-20 04:17:40'),
(179, 29, 2, 'Lluvia del 1977 China4818773', 'Open-architected client-driven function', '2022-11-20 04:17:40'),
(180, 56, 2, 'Lluvia del 1999 Japan3694381', 'Secured asynchronous structure', '2022-11-20 04:17:40'),
(181, 24, 2, 'Lluvia del 1970 Brazil2963161', 'User-friendly attitude-oriented process improvement', '2022-11-20 04:17:40'),
(182, 2, 2, 'Lluvia del 2006 Poland6483153', 'Cross-group client-server emulation', '2022-11-20 04:17:40'),
(183, 94, 2, 'Lluvia del 1909 Jordan2806295', 'Profound intermediate hub', '2022-11-20 04:17:40'),
(184, 30, 2, 'Lluvia del 1959 Italy5077871', 'Persistent explicit product', '2022-11-20 04:17:40'),
(185, 48, 2, 'Lluvia del 1925 Philippines826', 'Virtual 6th generation adapter', '2022-11-20 04:17:40'),
(186, 92, 2, 'Lluvia del 1928 Nigeria4880569', 'Programmable intangible encoding', '2022-11-20 04:17:40'),
(187, 71, 2, 'Lluvia del 1994 China4361334', 'Up-sized human-resource info-mediaries', '2022-11-20 04:17:40'),
(188, 79, 2, 'Lluvia del 1959 China7086882', 'Enhanced homogeneous workforce', '2022-11-20 04:17:40'),
(189, 89, 2, 'Lluvia del 1929 China7144446', 'Assimilated mobile database', '2022-11-20 04:17:40'),
(190, 98, 2, 'Lluvia del 1959 Brazil1273872', 'Organized attitude-oriented project', '2022-11-20 04:17:40'),
(191, 83, 2, 'Lluvia del 1984 Thailand347266', 'Profound context-sensitive hub', '2022-11-20 04:17:40'),
(192, 60, 2, 'Lluvia del 1907 Iran7573607', 'Face to face hybrid functionalities', '2022-11-20 04:17:40'),
(193, 48, 2, 'Lluvia del 1961 Russia3396667', 'Re-contextualized regional Graphic Interface', '2022-11-20 04:17:40'),
(194, 11, 2, 'Lluvia del 2004 Germany9048192', 'Reverse-engineered systemic encryption', '2022-11-20 04:17:40'),
(195, 45, 2, 'Lluvia del 1985 Cuba6526673', 'Right-sized human-resource software', '2022-11-20 04:17:40'),
(196, 80, 2, 'Lluvia del 1905 China2685204', 'Persevering systemic paradigm', '2022-11-20 04:17:40'),
(197, 90, 2, 'Lluvia del 1946 Palestinian Te', 'Synergistic tertiary circuit', '2022-11-20 04:17:40'),
(198, 59, 2, 'Lluvia del 1971 Russia6088932', 'Operative regional firmware', '2022-11-20 04:17:40'),
(199, 81, 2, 'Lluvia del 1987 United States9', 'Open-architected 5th generation synergy', '2022-11-20 04:17:40'),
(200, 70, 2, 'Lluvia del 1911 Georgia3971626', 'Streamlined discrete strategy', '2022-11-20 04:17:40'),
(201, 49, 2, 'Lluvia del 1929 Ukraine8168755', 'Optional fresh-thinking local area network', '2022-11-20 04:17:40'),
(202, 38, 2, 'Lluvia del 1941 Colombia148828', 'Quality-focused disintermediate paradigm', '2022-11-20 04:17:40'),
(203, 100, 2, 'Lluvia del 1921 Ukraine3912984', 'Reduced attitude-oriented toolset', '2022-11-20 04:17:40'),
(204, 81, 2, 'Lluvia del 1977 Philippines791', 'Centralized uniform database', '2022-11-20 04:17:40'),
(205, 49, 2, 'Lluvia del 1937 Argentina42724', 'Total 4th generation system engine', '2022-11-20 04:17:40'),
(206, 25, 2, 'Lluvia del 1993 Peru6184140', 'Multi-layered well-modulated project', '2022-11-20 04:17:40'),
(207, 22, 2, 'Lluvia del 1920 Iran1073673', 'Mandatory cohesive conglomeration', '2022-11-20 04:17:40'),
(208, 71, 2, 'Lluvia del 1945 China9793587', 'Re-engineered analyzing implementation', '2022-11-20 04:17:40'),
(209, 49, 2, 'Lluvia del 1993 Tanzania923312', 'Decentralized bi-directional secured line', '2022-11-20 04:17:40'),
(210, 63, 2, 'Lluvia del 1917 Indonesia38062', 'Ergonomic attitude-oriented system engine', '2022-11-20 04:17:40'),
(211, 48, 2, 'Lluvia del 1930 Brazil9471790', 'Managed needs-based complexity', '2022-11-20 04:17:40'),
(212, 79, 2, 'Lluvia del 1986 Australia57077', 'Managed logistical synergy', '2022-11-20 04:17:40'),
(213, 95, 2, 'Lluvia del 1979 Ireland4235655', 'User-centric object-oriented definition', '2022-11-20 04:17:40'),
(214, 54, 2, 'Lluvia del 1980 Burkina Faso91', 'Persistent zero administration monitoring', '2022-11-20 04:17:40'),
(215, 56, 2, 'Lluvia del 1936 China3524428', 'Team-oriented encompassing capability', '2022-11-20 04:17:40'),
(216, 2, 2, 'Lluvia del 1958 Portugal317070', 'Distributed neutral open architecture', '2022-11-20 04:17:40'),
(217, 11, 2, 'Lluvia del 1919 Indonesia61151', 'Robust contextually-based installation', '2022-11-20 04:17:40'),
(218, 37, 2, 'Lluvia del 1952 Ireland16981', 'Enterprise-wide clear-thinking definition', '2022-11-20 04:17:40'),
(219, 8, 2, 'Lluvia del 1962 China3944594', 'Persistent leading edge encoding', '2022-11-20 04:17:40'),
(220, 24, 2, 'Lluvia del 1903 Croatia445556', 'Self-enabling fresh-thinking standardization', '2022-11-20 04:17:40'),
(221, 14, 2, 'Lluvia del 1925 Afghanistan386', 'Reactive zero administration focus group', '2022-11-20 04:17:40'),
(222, 2, 2, 'Lluvia del 1991 Russia8330808', 'Ameliorated bi-directional Graphical User Interface', '2022-11-20 04:17:40'),
(223, 2, 2, 'Lluvia del 1994 China5614758', 'Enterprise-wide well-modulated contingency', '2022-11-20 04:17:40'),
(224, 15, 2, 'Lluvia del 2002 Belarus2261218', 'Customer-focused scalable forecast', '2022-11-20 04:17:40'),
(225, 41, 2, 'Lluvia del 1964 Honduras466995', 'De-engineered zero defect orchestration', '2022-11-20 04:17:40'),
(226, 39, 2, 'Lluvia del 1972 Honduras147790', 'Ergonomic maximized hierarchy', '2022-11-20 04:17:40'),
(227, 31, 2, 'Lluvia del 1910 Benin988442', 'Operative leading edge analyzer', '2022-11-20 04:17:40'),
(228, 45, 2, 'Lluvia del 2006 China1150374', 'Decentralized hybrid encoding', '2022-11-20 04:17:40'),
(229, 49, 2, 'Lluvia del 1995 Indonesia28729', 'Centralized multi-state success', '2022-11-20 04:17:40'),
(230, 5, 2, 'Lluvia del 1968 Brazil7264945', 'Multi-lateral zero defect access', '2022-11-20 04:17:40'),
(231, 4, 2, 'Lluvia del 1950 Russia9258552', 'Upgradable didactic parallelism', '2022-11-20 04:17:40'),
(232, 52, 2, 'Lluvia del 1983 Denmark5780846', 'Persevering well-modulated flexibility', '2022-11-20 04:17:40'),
(233, 18, 2, 'Lluvia del 2004 China708160', 'Reverse-engineered foreground throughput', '2022-11-20 04:17:40'),
(234, 86, 2, 'Lluvia del 1905 Indonesia47872', 'Organized reciprocal capability', '2022-11-20 04:17:40'),
(235, 57, 2, 'Lluvia del 1925 Indonesia73159', 'Triple-buffered bifurcated groupware', '2022-11-20 04:17:40'),
(236, 62, 2, 'Lluvia del 1938 China7755844', 'Function-based heuristic synergy', '2022-11-20 04:17:40'),
(237, 92, 2, 'Lluvia del 1976 Mexico806494', 'Grass-roots solution-oriented leverage', '2022-11-20 04:17:40'),
(238, 62, 2, 'Lluvia del 1965 Serbia7368696', 'Digitized even-keeled frame', '2022-11-20 04:17:40'),
(239, 78, 2, 'Lluvia del 1963 Canada6373062', 'Team-oriented methodical system engine', '2022-11-20 04:17:40'),
(240, 66, 2, 'Lluvia del 1981 Tajikistan2763', 'Intuitive human-resource intranet', '2022-11-20 04:17:40'),
(241, 89, 2, 'Lluvia del 1910 Slovenia427575', 'Organized well-modulated solution', '2022-11-20 04:17:40'),
(242, 17, 2, 'Lluvia del 1921 Norway3679947', 'Re-engineered responsive projection', '2022-11-20 04:17:40'),
(243, 49, 2, 'Lluvia del 1911 Indonesia90465', 'Seamless 4th generation local area network', '2022-11-20 04:17:40'),
(244, 49, 2, 'Lluvia del 1980 China3989272', 'Multi-tiered value-added complexity', '2022-11-20 04:17:40'),
(245, 100, 2, 'Lluvia del 1921 Germany8000100', 'Fundamental stable website', '2022-11-20 04:17:40'),
(246, 28, 2, 'Lluvia del 1963 China7074992', 'Grass-roots reciprocal knowledge base', '2022-11-20 04:17:40'),
(247, 43, 2, 'Lluvia del 1918 Portugal956752', 'Vision-oriented asynchronous strategy', '2022-11-20 04:17:40'),
(248, 32, 2, 'Lluvia del 1934 Japan6497961', 'User-friendly actuating intranet', '2022-11-20 04:17:40'),
(249, 10, 2, 'Lluvia del 1906 South Africa40', 'Virtual static secured line', '2022-11-20 04:17:40'),
(250, 57, 2, 'Lluvia del 1971 China6490148', 'Re-contextualized didactic structure', '2022-11-20 04:17:40'),
(251, 18, 2, 'Lluvia del 1929 Czech Republic', 'Triple-buffered real-time open system', '2022-11-20 04:17:40'),
(252, 79, 2, 'Lluvia del 1997 Peru5801924', 'Customizable transitional functionalities', '2022-11-20 04:17:40'),
(253, 95, 2, 'Lluvia del 1986 Ukraine3575298', 'Programmable bandwidth-monitored project', '2022-11-20 04:17:40'),
(254, 83, 2, 'Lluvia del 1937 Vietnam4346739', 'Ameliorated real-time policy', '2022-11-20 04:17:40'),
(255, 34, 2, 'Lluvia del 1980 France647210', 'Monitored static application', '2022-11-20 04:17:40'),
(256, 89, 2, 'Lluvia del 1936 Indonesia38707', 'Customer-focused asynchronous pricing structure', '2022-11-20 04:17:40'),
(257, 53, 2, 'Lluvia del 1943 Mexico1460525', 'Cross-group leading edge info-mediaries', '2022-11-20 04:17:40'),
(258, 76, 2, 'Lluvia del 1925 Indonesia93223', 'Cross-platform analyzing hierarchy', '2022-11-20 04:17:40'),
(259, 40, 2, 'Lluvia del 1963 Indonesia86301', 'Business-focused mission-critical product', '2022-11-20 04:17:40'),
(260, 73, 2, 'Lluvia del 1932 Argentina59439', 'Diverse next generation superstructure', '2022-11-20 04:17:40'),
(261, 44, 2, 'Lluvia del 1925 China7875100', 'Reverse-engineered heuristic hardware', '2022-11-20 04:17:40'),
(262, 27, 2, 'Lluvia del 1964 Senegal7593334', 'Cross-group zero administration conglomeration', '2022-11-20 04:17:40'),
(263, 32, 2, 'Lluvia del 1948 Indonesia70481', 'Vision-oriented system-worthy database', '2022-11-20 04:17:40'),
(264, 12, 2, 'Lluvia del 2007 Nigeria7242916', 'Versatile 6th generation artificial intelligence', '2022-11-20 04:17:40'),
(265, 67, 2, 'Lluvia del 1927 Indonesia54199', 'Managed context-sensitive data-warehouse', '2022-11-20 04:17:40'),
(266, 1, 2, 'Lluvia del 1963 China7820424', 'De-engineered solution-oriented frame', '2022-11-20 04:17:40'),
(267, 92, 2, 'Lluvia del 1919 Mexico4052551', 'Quality-focused demand-driven leverage', '2022-11-20 04:17:40'),
(268, 24, 2, 'Lluvia del 1957 Cameroon545656', 'Cross-platform object-oriented database', '2022-11-20 04:17:40'),
(269, 50, 2, 'Lluvia del 1986 Philippines370', 'Persevering heuristic interface', '2022-11-20 04:17:40'),
(270, 96, 2, 'Lluvia del 1984 Madagascar6596', 'Function-based national pricing structure', '2022-11-20 04:17:40'),
(271, 16, 2, 'Lluvia del 1981 Bolivia6183077', 'Ameliorated mission-critical software', '2022-11-20 04:17:40'),
(272, 36, 2, 'Lluvia del 1947 Togo3750639', 'Reduced tertiary knowledge user', '2022-11-20 04:17:40'),
(273, 51, 2, 'Lluvia del 1973 Indonesia40236', 'Balanced value-added help-desk', '2022-11-20 04:17:40'),
(274, 99, 2, 'Lluvia del 2010 Hong Kong81395', 'User-friendly 3rd generation product', '2022-11-20 04:17:40'),
(275, 60, 2, 'Lluvia del 1965 Portugal633981', 'Decentralized client-server attitude', '2022-11-20 04:17:40'),
(276, 8, 2, 'Lluvia del 2000 China9622990', 'Robust high-level encryption', '2022-11-20 04:17:41'),
(277, 50, 2, 'Lluvia del 1976 Philippines357', 'Persevering discrete instruction set', '2022-11-20 04:17:41'),
(278, 28, 2, 'Lluvia del 1929 China3950476', 'Multi-channelled asynchronous project', '2022-11-20 04:17:41'),
(279, 29, 2, 'Lluvia del 1991 Canada4012629', 'Optional multi-tasking success', '2022-11-20 04:17:41'),
(280, 94, 2, 'Lluvia del 1955 Palestinian Te', 'Right-sized 24 hour hardware', '2022-11-20 04:17:41'),
(281, 87, 2, 'Lluvia del 1972 China6262604', 'Customer-focused transitional customer loyalty', '2022-11-20 04:17:41'),
(282, 36, 2, 'Lluvia del 1942 China4391413', 'Decentralized national focus group', '2022-11-20 04:17:41'),
(283, 64, 2, 'Lluvia del 2007 Brazil7636302', 'Cloned dynamic task-force', '2022-11-20 04:17:41'),
(284, 20, 2, 'Lluvia del 1930 China42693', 'Reduced well-modulated project', '2022-11-20 04:17:41'),
(285, 88, 2, 'Lluvia del 2006 Sweden7615893', 'Advanced grid-enabled matrices', '2022-11-20 04:17:41'),
(286, 26, 2, 'Lluvia del 1979 Thailand785183', 'Cloned mobile moderator', '2022-11-20 04:17:41'),
(287, 49, 2, 'Lluvia del 1992 Indonesia30461', 'Fully-configurable explicit architecture', '2022-11-20 04:17:41'),
(288, 33, 2, 'Lluvia del 2003 Belarus4868754', 'Adaptive regional synergy', '2022-11-20 04:17:41'),
(289, 86, 2, 'Lluvia del 1925 Colombia856295', 'Virtual systematic local area network', '2022-11-20 04:17:41'),
(290, 33, 2, 'Lluvia del 1910 Poland580686', 'Stand-alone composite matrices', '2022-11-20 04:17:41'),
(291, 33, 2, 'Lluvia del 1944 Poland5893000', 'Exclusive content-based database', '2022-11-20 04:17:41'),
(292, 85, 2, 'Lluvia del 1970 Brazil4263399', 'Multi-channelled cohesive workforce', '2022-11-20 04:17:41'),
(293, 68, 2, 'Lluvia del 1923 Bangladesh2482', 'Virtual local application', '2022-11-20 04:17:41'),
(294, 77, 2, 'Lluvia del 2003 Russia4983537', 'Diverse asymmetric hardware', '2022-11-20 04:17:41'),
(295, 40, 2, 'Lluvia del 1920 China6640123', 'Persistent asymmetric matrix', '2022-11-20 04:17:41'),
(296, 32, 2, 'Lluvia del 1957 New Zealand623', 'Profit-focused intermediate initiative', '2022-11-20 04:17:41'),
(297, 14, 2, 'Lluvia del 1977 Russia5925473', 'Re-contextualized modular algorithm', '2022-11-20 04:17:41'),
(298, 27, 2, 'Lluvia del 1970 Peru1928701', 'Object-based demand-driven strategy', '2022-11-20 04:17:41'),
(299, 92, 2, 'Lluvia del 1936 Japan6080000', 'Open-source holistic moratorium', '2022-11-20 04:17:41'),
(300, 28, 2, 'Lluvia del 2000 China2869995', 'Front-line object-oriented middleware', '2022-11-20 04:17:41'),
(301, 94, 2, 'Lluvia del 1988 Indonesia52714', 'Mandatory incremental interface', '2022-11-20 04:17:41'),
(302, 51, 2, 'Lluvia del 2001 Brazil2501174', 'Devolved intermediate parallelism', '2022-11-20 04:17:41'),
(303, 99, 2, 'Lluvia del 1990 Honduras356426', 'Focused full-range support', '2022-11-20 04:17:41'),
(304, 60, 2, 'Lluvia del 1916 Portugal708461', 'Cross-group incremental hierarchy', '2022-11-20 04:17:41'),
(305, 68, 2, 'Lluvia del 1982 Albania6275470', 'Public-key discrete service-desk', '2022-11-20 04:17:41'),
(306, 13, 2, 'Lluvia del 1904 Brazil7000606', 'Configurable asynchronous access', '2022-11-20 04:17:41'),
(307, 10, 2, 'Lluvia del 1991 Russia7746638', 'Adaptive systematic adapter', '2022-11-20 04:17:41'),
(308, 57, 2, 'Lluvia del 2003 Venezuela66169', 'Re-engineered high-level synergy', '2022-11-20 04:17:41'),
(309, 32, 2, 'Lluvia del 1924 Uganda7090926', 'Distributed regional artificial intelligence', '2022-11-20 04:17:41'),
(310, 75, 2, 'Lluvia del 1998 Dominican Repu', 'Streamlined non-volatile archive', '2022-11-20 04:17:41'),
(311, 75, 2, 'Lluvia del 1996 Iran6071616', 'Sharable encompassing function', '2022-11-20 04:17:41'),
(312, 43, 2, 'Lluvia del 1919 Russia6169959', 'Optional analyzing knowledge base', '2022-11-20 04:17:41'),
(313, 15, 2, 'Lluvia del 2010 Chad4579589', 'Enhanced bi-directional attitude', '2022-11-20 04:17:41'),
(314, 8, 2, 'Lluvia del 2008 China5874858', 'Seamless bi-directional architecture', '2022-11-20 04:17:41'),
(315, 89, 2, 'Lluvia del 1957 Russia2595908', 'Multi-lateral methodical installation', '2022-11-20 04:17:41'),
(316, 98, 2, 'Lluvia del 1965 Russia4173540', 'Seamless national adapter', '2022-11-20 04:17:41'),
(317, 60, 2, 'Lluvia del 1988 Czech Republic', 'Ergonomic radical methodology', '2022-11-20 04:17:41'),
(318, 26, 2, 'Lluvia del 2002 China7641639', 'Horizontal coherent pricing structure', '2022-11-20 04:17:41'),
(319, 82, 2, 'Lluvia del 1907 Russia1116419', 'Phased reciprocal help-desk', '2022-11-20 04:17:41'),
(320, 43, 2, 'Lluvia del 2007 United States8', 'Seamless maximized policy', '2022-11-20 04:17:41'),
(321, 43, 2, 'Lluvia del 1917 Ukraine8562113', 'Open-architected intermediate Graphic Interface', '2022-11-20 04:17:41'),
(322, 15, 2, 'Lluvia del 1964 Ecuador6366572', 'Sharable modular archive', '2022-11-20 04:17:41'),
(323, 41, 2, 'Lluvia del 1948 China227694', 'Intuitive 3rd generation encoding', '2022-11-20 04:17:41'),
(324, 5, 2, 'Lluvia del 1991 Philippines721', 'Cloned radical success', '2022-11-20 04:17:41'),
(325, 16, 2, 'Lluvia del 1940 Argentina47789', 'Networked next generation local area network', '2022-11-20 04:17:41'),
(326, 80, 2, 'Lluvia del 1988 Mexico1077224', 'Reduced upward-trending software', '2022-11-20 04:17:41'),
(327, 16, 2, 'Lluvia del 1957 Cameroon510755', 'Customer-focused coherent superstructure', '2022-11-20 04:17:41'),
(328, 5, 2, 'Lluvia del 1978 Dominican Repu', 'Managed bottom-line contingency', '2022-11-20 04:17:41'),
(329, 53, 2, 'Lluvia del 1990 Myanmar3914152', 'Down-sized contextually-based leverage', '2022-11-20 04:17:41'),
(330, 92, 2, 'Lluvia del 1945 China9193316', 'Multi-channelled bandwidth-monitored customer loyalty', '2022-11-20 04:17:41'),
(331, 45, 2, 'Lluvia del 1927 China1579382', 'Proactive fault-tolerant initiative', '2022-11-20 04:17:41'),
(332, 52, 2, 'Lluvia del 1927 China5847630', 'Proactive context-sensitive contingency', '2022-11-20 04:17:41'),
(333, 21, 2, 'Lluvia del 1946 Brazil8832472', 'Synchronised 6th generation task-force', '2022-11-20 04:17:41'),
(334, 14, 2, 'Lluvia del 1959 Madagascar6852', 'Multi-tiered uniform hierarchy', '2022-11-20 04:17:41'),
(335, 18, 2, 'Lluvia del 1926 Indonesia42089', 'Phased discrete ability', '2022-11-20 04:17:41'),
(336, 94, 2, 'Lluvia del 1971 Portugal549568', 'Public-key explicit methodology', '2022-11-20 04:17:41'),
(337, 92, 2, 'Lluvia del 1992 China3142401', 'Managed next generation budgetary management', '2022-11-20 04:17:41'),
(338, 45, 2, 'Lluvia del 1995 Gambia4121378', 'Multi-layered systemic implementation', '2022-11-20 04:17:41'),
(339, 57, 2, 'Lluvia del 1956 Philippines275', 'Reverse-engineered tertiary functionalities', '2022-11-20 04:17:41'),
(340, 35, 2, 'Lluvia del 1967 Indonesia57373', 'Object-based context-sensitive knowledge user', '2022-11-20 04:17:41'),
(341, 83, 2, 'Lluvia del 1954 Poland6543243', 'Intuitive full-range capacity', '2022-11-20 04:17:41'),
(342, 37, 2, 'Lluvia del 1913 Tanzania747819', 'Digitized bandwidth-monitored infrastructure', '2022-11-20 04:17:41'),
(343, 31, 2, 'Lluvia del 1990 Bangladesh6667', 'Progressive methodical product', '2022-11-20 04:17:41'),
(344, 100, 2, 'Lluvia del 1931 Macedonia77140', 'Exclusive discrete moderator', '2022-11-20 04:17:41'),
(345, 84, 2, 'Lluvia del 2003 China3836965', 'Multi-lateral contextually-based projection', '2022-11-20 04:17:41'),
(346, 36, 2, 'Lluvia del 1986 Brazil3984923', 'Inverse background protocol', '2022-11-20 04:17:41'),
(347, 59, 2, 'Lluvia del 1964 China6190895', 'Phased well-modulated system engine', '2022-11-20 04:17:41'),
(348, 54, 2, 'Lluvia del 1932 Indonesia67131', 'Balanced logistical support', '2022-11-20 04:17:41'),
(349, 11, 2, 'Lluvia del 1917 Sweden9422361', 'Multi-lateral holistic emulation', '2022-11-20 04:17:41'),
(350, 11, 2, 'Lluvia del 1988 Dominican Repu', 'Expanded static database', '2022-11-20 04:17:41'),
(351, 85, 2, 'Lluvia del 1958 Russia4668475', 'Profit-focused discrete capability', '2022-11-20 04:17:41'),
(352, 32, 2, 'Lluvia del 1940 Philippines367', 'Proactive demand-driven Graphical User Interface', '2022-11-20 04:17:41'),
(353, 94, 2, 'Lluvia del 1983 Morocco4028461', 'Function-based logistical superstructure', '2022-11-20 04:17:41'),
(354, 84, 2, 'Lluvia del 1902 Poland6424223', 'Ameliorated explicit support', '2022-11-20 04:17:41'),
(355, 4, 2, 'Lluvia del 1952 Poland2598021', 'User-centric heuristic complexity', '2022-11-20 04:17:41'),
(356, 33, 2, 'Lluvia del 2009 Vietnam5999276', 'Synchronised zero administration moratorium', '2022-11-20 04:17:41'),
(357, 22, 2, 'Lluvia del 1952 Luxembourg6484', 'Profound fault-tolerant forecast', '2022-11-20 04:17:41'),
(358, 23, 2, 'Lluvia del 1935 United States4', 'Stand-alone stable conglomeration', '2022-11-20 04:17:41'),
(359, 72, 2, 'Lluvia del 1998 United States8', 'Secured neutral strategy', '2022-11-20 04:17:41'),
(360, 32, 2, 'Lluvia del 2002 China1110358', 'Total user-facing forecast', '2022-11-20 04:17:41'),
(361, 51, 2, 'Lluvia del 1959 China6584214', 'Versatile optimizing infrastructure', '2022-11-20 04:17:41'),
(362, 71, 2, 'Lluvia del 1977 Ireland8571850', 'Innovative explicit function', '2022-11-20 04:17:41'),
(363, 8, 2, 'Lluvia del 1951 Indonesia29792', 'Innovative radical success', '2022-11-20 04:17:41'),
(364, 46, 2, 'Lluvia del 2006 Greece4757930', 'Pre-emptive explicit internet solution', '2022-11-20 04:17:41'),
(365, 24, 2, 'Lluvia del 2004 China1310374', 'Cross-platform global neural-net', '2022-11-20 04:17:41'),
(366, 94, 2, 'Lluvia del 1920 Nepal8231960', 'Enhanced discrete protocol', '2022-11-20 04:17:41'),
(367, 66, 2, 'Lluvia del 1905 Libya4070328', 'Operative bi-directional process improvement', '2022-11-20 04:17:41'),
(368, 89, 2, 'Lluvia del 1922 Portugal601886', 'Ergonomic human-resource project', '2022-11-20 04:17:41'),
(369, 70, 2, 'Lluvia del 1979 Croatia4585685', 'Profit-focused even-keeled workforce', '2022-11-20 04:17:41'),
(370, 11, 2, 'Lluvia del 1949 Afghanistan686', 'Organic solution-oriented superstructure', '2022-11-20 04:17:41'),
(371, 18, 2, 'Lluvia del 1940 Uganda7181134', 'Object-based dedicated knowledge user', '2022-11-20 04:17:41'),
(372, 95, 2, 'Lluvia del 1985 Canada5031560', 'Optimized system-worthy frame', '2022-11-20 04:17:41'),
(373, 13, 2, 'Lluvia del 1943 Indonesia72852', 'Automated multi-state forecast', '2022-11-20 04:17:41'),
(374, 38, 2, 'Lluvia del 1926 Kazakhstan9643', 'Assimilated value-added paradigm', '2022-11-20 04:17:41'),
(375, 10, 2, 'Lluvia del 2002 Vietnam362177', 'Optimized fresh-thinking internet solution', '2022-11-20 04:17:41'),
(376, 23, 2, 'Lluvia del 1996 Japan1708258', 'Organic human-resource extranet', '2022-11-20 04:17:41'),
(377, 68, 2, 'Lluvia del 1956 Indonesia81109', 'Automated full-range help-desk', '2022-11-20 04:17:41'),
(378, 4, 2, 'Lluvia del 1984 China7504066', 'Quality-focused bandwidth-monitored secured line', '2022-11-20 04:17:41'),
(379, 53, 2, 'Lluvia del 1928 Indonesia73171', 'User-centric bi-directional workforce', '2022-11-20 04:17:41'),
(380, 75, 2, 'Lluvia del 1969 Peru6472757', 'Networked bottom-line standardization', '2022-11-20 04:17:41'),
(381, 78, 2, 'Lluvia del 1967 China5652862', 'Networked dedicated superstructure', '2022-11-20 04:17:41'),
(382, 11, 2, 'Lluvia del 1995 Macedonia49351', 'Persevering bottom-line local area network', '2022-11-20 04:17:41'),
(383, 74, 2, 'Lluvia del 1973 Cameroon274233', 'Seamless static system engine', '2022-11-20 04:17:41'),
(384, 6, 2, 'Lluvia del 1921 Japan6756709', 'Business-focused eco-centric capacity', '2022-11-20 04:17:41'),
(385, 59, 2, 'Lluvia del 1992 Iran7370971', 'Realigned high-level groupware', '2022-11-20 04:17:41'),
(386, 8, 2, 'Lluvia del 1901 France4960833', 'Re-contextualized bifurcated productivity', '2022-11-20 04:17:41'),
(387, 28, 2, 'Lluvia del 1954 China5615818', 'Customizable multi-state conglomeration', '2022-11-20 04:17:41'),
(388, 61, 2, 'Lluvia del 1909 Portugal589500', 'Visionary bottom-line hardware', '2022-11-20 04:17:41'),
(389, 38, 2, 'Lluvia del 1976 Poland3467193', 'Optimized actuating approach', '2022-11-20 04:17:41'),
(390, 12, 2, 'Lluvia del 1983 United Kingdom', 'Phased radical functionalities', '2022-11-20 04:17:41'),
(391, 84, 2, 'Lluvia del 1941 Tanzania565836', 'Public-key composite attitude', '2022-11-20 04:17:41'),
(392, 93, 2, 'Lluvia del 2010 Colombia699589', 'Diverse well-modulated attitude', '2022-11-20 04:17:41'),
(393, 88, 2, 'Lluvia del 1928 Brazil8418639', 'Open-architected coherent architecture', '2022-11-20 04:17:41'),
(394, 25, 2, 'Lluvia del 1950 Poland7291729', 'Open-source human-resource infrastructure', '2022-11-20 04:17:41'),
(395, 67, 2, 'Lluvia del 1990 Malaysia375970', 'Cross-platform zero tolerance projection', '2022-11-20 04:17:41'),
(396, 53, 2, 'Lluvia del 2001 Libya970473', 'Optional user-facing extranet', '2022-11-20 04:17:41'),
(397, 86, 2, 'Lluvia del 1984 Indonesia56670', 'Persevering neutral service-desk', '2022-11-20 04:17:41'),
(398, 15, 2, 'Lluvia del 2005 Burkina Faso14', 'Public-key mission-critical paradigm', '2022-11-20 04:17:41'),
(399, 41, 2, 'Lluvia del 1912 China9548053', 'Object-based systemic portal', '2022-11-20 04:17:41'),
(400, 98, 2, 'Lluvia del 2003 China8199349', 'Reduced non-volatile ability', '2022-11-20 04:17:41'),
(401, 89, 2, 'Lluvia del 1937 China3294538', 'Switchable clear-thinking service-desk', '2022-11-20 04:17:41'),
(402, 51, 2, 'Lluvia del 2007 Indonesia86322', 'Compatible dedicated moderator', '2022-11-20 04:17:41'),
(403, 71, 2, 'Lluvia del 1992 Russia3060250', 'Universal 24 hour strategy', '2022-11-20 04:17:41'),
(404, 50, 2, 'Lluvia del 1944 Sweden2351560', 'Reactive secondary project', '2022-11-20 04:17:41'),
(405, 24, 2, 'Lluvia del 1992 Croatia7038773', 'Mandatory explicit artificial intelligence', '2022-11-20 04:17:41'),
(406, 32, 2, 'Lluvia del 1925 Indonesia64885', 'Front-line intangible neural-net', '2022-11-20 04:17:41'),
(407, 74, 2, 'Lluvia del 1906 Thailand486573', 'Distributed zero administration array', '2022-11-20 04:17:41'),
(408, 62, 2, 'Lluvia del 1941 Indonesia97240', 'User-friendly optimal function', '2022-11-20 04:17:41'),
(409, 42, 2, 'Lluvia del 2000 China8440512', 'Inverse bandwidth-monitored definition', '2022-11-20 04:17:41'),
(410, 100, 2, 'Lluvia del 2003 Iran679397', 'Distributed global attitude', '2022-11-20 04:17:41'),
(411, 76, 2, 'Lluvia del 1914 Colombia858006', 'Automated clear-thinking migration', '2022-11-20 04:17:41'),
(412, 64, 2, 'Lluvia del 1903 South Korea954', 'Synergistic exuding challenge', '2022-11-20 04:17:41'),
(413, 82, 2, 'Lluvia del 1904 Palestinian Te', 'Innovative next generation task-force', '2022-11-20 04:17:41'),
(414, 4, 2, 'Lluvia del 2008 Japan1282725', 'Extended even-keeled parallelism', '2022-11-20 04:17:41'),
(415, 41, 2, 'Lluvia del 1959 Portugal412746', 'Total content-based software', '2022-11-20 04:17:41'),
(416, 11, 2, 'Lluvia del 1978 Portugal728933', 'Focused explicit hierarchy', '2022-11-20 04:17:41'),
(417, 77, 2, 'Lluvia del 1993 Indonesia10519', 'Fully-configurable incremental initiative', '2022-11-20 04:17:41'),
(418, 21, 2, 'Lluvia del 1990 Burkina Faso51', 'Compatible attitude-oriented complexity', '2022-11-20 04:17:41'),
(419, 57, 2, 'Lluvia del 2000 Argentina98278', 'Advanced eco-centric architecture', '2022-11-20 04:17:41'),
(420, 39, 2, 'Lluvia del 1958 Indonesia40897', 'Progressive hybrid encryption', '2022-11-20 04:17:41'),
(421, 24, 2, 'Lluvia del 1971 China2582320', 'Synergistic full-range encoding', '2022-11-20 04:17:41'),
(422, 28, 2, 'Lluvia del 1944 Portugal558323', 'Team-oriented well-modulated intranet', '2022-11-20 04:17:41'),
(423, 29, 2, 'Lluvia del 1954 Philippines287', 'Fundamental bifurcated hardware', '2022-11-20 04:17:41'),
(424, 44, 2, 'Lluvia del 1924 Peru5980050', 'Triple-buffered client-server support', '2022-11-20 04:17:41'),
(425, 84, 2, 'Lluvia del 1962 Indonesia27686', 'Organic client-server benchmark', '2022-11-20 04:17:41'),
(426, 84, 2, 'Lluvia del 2000 Czech Republic', 'Automated reciprocal framework', '2022-11-20 04:17:41'),
(427, 98, 2, 'Lluvia del 1918 Brazil8272554', 'Re-contextualized secondary migration', '2022-11-20 04:17:41'),
(428, 41, 2, 'Lluvia del 1994 Brazil1043584', 'Switchable intangible encryption', '2022-11-20 04:17:41'),
(429, 93, 2, 'Lluvia del 1923 Philippines540', 'Team-oriented well-modulated artificial intelligence', '2022-11-20 04:17:41'),
(430, 81, 2, 'Lluvia del 1907 Macedonia81023', 'User-friendly regional strategy', '2022-11-20 04:17:41'),
(431, 100, 2, 'Lluvia del 1968 Brazil9008924', 'De-engineered asynchronous infrastructure', '2022-11-20 04:17:41'),
(432, 1, 2, 'Lluvia del 1948 Pakistan968104', 'Stand-alone clear-thinking methodology', '2022-11-20 04:17:41'),
(433, 97, 2, 'Lluvia del 1928 Japan5861416', 'Multi-tiered user-facing challenge', '2022-11-20 04:17:41'),
(434, 6, 2, 'Lluvia del 1983 China2502923', 'Upgradable motivating secured line', '2022-11-20 04:17:41'),
(435, 100, 2, 'Lluvia del 1944 China8472782', 'Switchable bottom-line matrices', '2022-11-20 04:17:41'),
(436, 86, 2, 'Lluvia del 1936 Iraq3459533', 'Intuitive encompassing core', '2022-11-20 04:17:41'),
(437, 65, 2, 'Lluvia del 1900 France8104781', 'Reactive upward-trending intranet', '2022-11-20 04:17:41'),
(438, 17, 2, 'Lluvia del 1927 China9832288', 'Profound dynamic architecture', '2022-11-20 04:17:41'),
(439, 70, 2, 'Lluvia del 1961 China3329526', 'Stand-alone uniform data-warehouse', '2022-11-20 04:17:41'),
(440, 64, 2, 'Lluvia del 2004 France7777597', 'Ameliorated well-modulated pricing structure', '2022-11-20 04:17:41'),
(441, 87, 2, 'Lluvia del 1920 Indonesia55497', 'Fully-configurable mission-critical ability', '2022-11-20 04:17:41'),
(442, 99, 2, 'Lluvia del 1931 United States5', 'Compatible optimal open architecture', '2022-11-20 04:17:41'),
(443, 41, 2, 'Lluvia del 1988 Argentina91296', 'Diverse even-keeled framework', '2022-11-20 04:17:41'),
(444, 49, 2, 'Lluvia del 1944 Brazil8449590', 'Optional client-server groupware', '2022-11-20 04:17:41'),
(445, 94, 2, 'Lluvia del 2010 Taiwan5053804', 'Multi-channelled next generation approach', '2022-11-20 04:17:41'),
(446, 90, 2, 'Lluvia del 1970 Ireland5074330', 'User-centric user-facing circuit', '2022-11-20 04:17:41'),
(447, 12, 2, 'Lluvia del 1926 Brazil8576998', 'Robust secondary benchmark', '2022-11-20 04:17:41'),
(448, 91, 2, 'Lluvia del 1992 United States3', 'Grass-roots incremental data-warehouse', '2022-11-20 04:17:41'),
(449, 43, 2, 'Lluvia del 1919 Indonesia25963', 'Synchronised modular array', '2022-11-20 04:17:41'),
(450, 15, 2, 'Lluvia del 1995 Ivory Coast887', 'Optional analyzing utilisation', '2022-11-20 04:17:41'),
(451, 76, 2, 'Lluvia del 2003 Croatia9715991', 'Intuitive asymmetric initiative', '2022-11-20 04:17:41'),
(452, 5, 2, 'Lluvia del 1957 China7861649', 'Balanced global knowledge user', '2022-11-20 04:17:41'),
(453, 75, 2, 'Lluvia del 2006 Philippines288', 'Digitized didactic middleware', '2022-11-20 04:17:41'),
(454, 95, 2, 'Lluvia del 1928 Indonesia20694', 'Diverse multi-tasking leverage', '2022-11-20 04:17:41'),
(455, 24, 2, 'Lluvia del 1992 Uganda8936736', 'Cross-group executive parallelism', '2022-11-20 04:17:41'),
(456, 91, 2, 'Lluvia del 1993 China8510807', 'Monitored global task-force', '2022-11-20 04:17:41'),
(457, 41, 2, 'Lluvia del 2009 Iran6299731', 'Mandatory discrete software', '2022-11-20 04:17:41'),
(458, 10, 2, 'Lluvia del 1902 Czech Republic', 'Pre-emptive intangible system engine', '2022-11-20 04:17:41'),
(459, 6, 2, 'Lluvia del 1955 Nicaragua24282', 'Object-based tertiary Graphic Interface', '2022-11-20 04:17:41'),
(460, 71, 2, 'Lluvia del 1902 China6405940', 'User-centric client-driven array', '2022-11-20 04:17:41'),
(461, 61, 2, 'Lluvia del 1995 Czech Republic', 'Configurable fault-tolerant firmware', '2022-11-20 04:17:41'),
(462, 49, 2, 'Lluvia del 1994 China4890851', 'Reactive clear-thinking hardware', '2022-11-20 04:17:41'),
(463, 21, 2, 'Lluvia del 2002 Greece6336899', 'Self-enabling next generation product', '2022-11-20 04:17:41'),
(464, 88, 2, 'Lluvia del 1942 Indonesia93652', 'Re-contextualized maximized help-desk', '2022-11-20 04:17:41'),
(465, 44, 2, 'Lluvia del 1975 Tanzania838441', 'Exclusive analyzing matrix', '2022-11-20 04:17:41'),
(466, 36, 2, 'Lluvia del 1924 Sweden5318332', 'Compatible leading edge interface', '2022-11-20 04:17:41'),
(467, 89, 2, 'Lluvia del 1912 Portugal739406', 'Operative 4th generation toolset', '2022-11-20 04:17:41'),
(468, 59, 2, 'Lluvia del 1941 Malaysia803963', 'Total intangible matrix', '2022-11-20 04:17:41'),
(469, 57, 2, 'Lluvia del 1951 Venezuela22374', 'Streamlined attitude-oriented knowledge user', '2022-11-20 04:17:41'),
(470, 18, 2, 'Lluvia del 1949 Indonesia97920', 'Reactive intermediate installation', '2022-11-20 04:17:41'),
(471, 90, 2, 'Lluvia del 1984 France4033776', 'Universal incremental instruction set', '2022-11-20 04:17:41'),
(472, 22, 2, 'Lluvia del 1951 China19780', 'Re-contextualized homogeneous workforce', '2022-11-20 04:17:41');
INSERT INTO `simulacion` (`id`, `id_equipo`, `id_operador`, `nombre`, `descripcion`, `fecha_creacion`) VALUES
(473, 26, 2, 'Lluvia del 1977 Indonesia24894', 'Robust secondary synergy', '2022-11-20 04:17:41'),
(474, 32, 2, 'Lluvia del 1993 Albania5498490', 'Team-oriented 3rd generation capacity', '2022-11-20 04:17:41'),
(475, 20, 2, 'Lluvia del 1989 France3586529', 'Cloned optimizing core', '2022-11-20 04:17:41'),
(476, 18, 2, 'Lluvia del 1974 Indonesia93173', 'Exclusive 5th generation standardization', '2022-11-20 04:17:41'),
(477, 65, 2, 'Lluvia del 2006 Bolivia1196732', 'Decentralized user-facing capability', '2022-11-20 04:17:41'),
(478, 33, 2, 'Lluvia del 1916 Russia7938306', 'Open-architected didactic policy', '2022-11-20 04:17:41'),
(479, 26, 2, 'Lluvia del 1983 Indonesia21271', 'Down-sized static analyzer', '2022-11-20 04:17:41'),
(480, 31, 2, 'Lluvia del 1989 Latvia7346451', 'Operative encompassing time-frame', '2022-11-20 04:17:41'),
(481, 58, 2, 'Lluvia del 1950 Bulgaria467773', 'Exclusive fresh-thinking superstructure', '2022-11-20 04:17:41'),
(482, 38, 2, 'Lluvia del 1952 Indonesia79561', 'Cross-platform zero defect flexibility', '2022-11-20 04:17:41'),
(483, 100, 2, 'Lluvia del 2000 Indonesia39408', 'Universal actuating policy', '2022-11-20 04:17:41'),
(484, 45, 2, 'Lluvia del 1915 Sri Lanka40432', 'Fundamental leading edge methodology', '2022-11-20 04:17:41'),
(485, 83, 2, 'Lluvia del 1916 Mexico9448485', 'Operative high-level secured line', '2022-11-20 04:17:41'),
(486, 68, 2, 'Lluvia del 1923 China9104623', 'De-engineered transitional software', '2022-11-20 04:17:41'),
(487, 91, 2, 'Lluvia del 2003 Sweden6302463', 'Adaptive interactive system engine', '2022-11-20 04:17:41'),
(488, 100, 2, 'Lluvia del 1990 China724575', 'Stand-alone zero tolerance interface', '2022-11-20 04:17:41'),
(489, 69, 2, 'Lluvia del 1942 Philippines449', 'Upgradable grid-enabled task-force', '2022-11-20 04:17:41'),
(490, 81, 2, 'Lluvia del 2001 Sudan9704086', 'Polarised next generation internet solution', '2022-11-20 04:17:41'),
(491, 31, 2, 'Lluvia del 1927 Philippines849', 'Front-line heuristic adapter', '2022-11-20 04:17:41'),
(492, 30, 2, 'Lluvia del 1917 China5831114', 'Mandatory logistical installation', '2022-11-20 04:17:41'),
(493, 79, 2, 'Lluvia del 1914 Canada1401693', 'Synchronised secondary success', '2022-11-20 04:17:41'),
(494, 34, 2, 'Lluvia del 1931 Philippines288', 'Enhanced motivating definition', '2022-11-20 04:17:41'),
(495, 94, 2, 'Lluvia del 1953 China2937726', 'Realigned user-facing core', '2022-11-20 04:17:41'),
(496, 95, 2, 'Lluvia del 1921 Portugal675270', 'Monitored eco-centric website', '2022-11-20 04:17:41'),
(497, 29, 2, 'Lluvia del 1903 Indonesia20425', 'Robust fresh-thinking projection', '2022-11-20 04:17:41'),
(498, 88, 2, 'Lluvia del 1908 Egypt4085687', 'Visionary dedicated middleware', '2022-11-20 04:17:41'),
(499, 19, 2, 'Lluvia del 1960 Philippines396', 'Progressive upward-trending time-frame', '2022-11-20 04:17:41'),
(500, 97, 2, 'Lluvia del 1943 Russia7015721', 'Horizontal intermediate array', '2022-11-20 04:17:41');

-- --------------------------------------------------------

--
-- Table structure for table `usuario`
--

CREATE TABLE `usuario` (
  `id` bigint(20) NOT NULL,
  `rut` varchar(10) COLLATE utf8_bin NOT NULL,
  `email` varchar(320) COLLATE utf8_bin NOT NULL,
  `password` varchar(100) COLLATE utf8_bin NOT NULL,
  `nombre` varchar(30) COLLATE utf8_bin NOT NULL,
  `apellido` varchar(30) COLLATE utf8_bin NOT NULL,
  `rol` varchar(15) COLLATE utf8_bin NOT NULL,
  `estado` varchar(15) COLLATE utf8_bin NOT NULL
) ENGINE=InnoDB DEFAULT CHARSET=utf8 COLLATE=utf8_bin;

--
-- Dumping data for table `usuario`
--

INSERT INTO `usuario` (`id`, `rut`, `email`, `password`, `nombre`, `apellido`, `rol`, `estado`) VALUES
(2, '22334455-k', 'donald@ucn.cl', '$argon2id$v=19$m=1024,t=1,p=1$POQ8x+MLMR0wHtZwUGMljQ$X7dlZ9JyqaVqfFJix58UDxoOmhhP70VTNqlFOO9RW/E', 'donald', 'trump', 'OPERADOR', 'ACTIVO'),
(3, '44556677-k', 'eric@ucn.cl', '$argon2id$v=19$m=1024,t=1,p=1$McvMVXHfOVrzVy1MWrh6PQ$tmzWYItawgFV70nCxYyvqgwicmIvN7b/d+9n6byI+WA', 'eric', 'cartman', 'ADMINISTRADOR', 'ACTIVO'),
(4, '33445566-k', 'obama@ucn.cl', '$argon2id$v=19$m=1024,t=1,p=1$15PH6cBBjiuzOQ6zkMY+HA$6POBJBjpgQx5YSqKj26jJI9ftD4H3sLsgUBaNOlcOEs', 'obama', 'obamium', 'CONFIGURADOR', 'ACTIVO');

--
-- Indexes for dumped tables
--

--
-- Indexes for table `archivo`
--
ALTER TABLE `archivo`
  ADD PRIMARY KEY (`id`),
  ADD KEY `id_equipo` (`id_equipo`);

--
-- Indexes for table `componente`
--
ALTER TABLE `componente`
  ADD PRIMARY KEY (`id`),
  ADD KEY `id_equipo` (`id_equipo`);

--
-- Indexes for table `ejecucion`
--
ALTER TABLE `ejecucion`
  ADD PRIMARY KEY (`id`),
  ADD KEY `id_simulacion` (`id_simulacion`);

--
-- Indexes for table `ejecucionsecuencia`
--
ALTER TABLE `ejecucionsecuencia`
  ADD PRIMARY KEY (`id`),
  ADD KEY `id_ejecucion` (`id_ejecucion`),
  ADD KEY `id_secuencia` (`id_secuencia`);

--
-- Indexes for table `entidad`
--
ALTER TABLE `entidad`
  ADD PRIMARY KEY (`id`),
  ADD UNIQUE KEY `nombre` (`nombre`);

--
-- Indexes for table `equipo`
--
ALTER TABLE `equipo`
  ADD PRIMARY KEY (`id`),
  ADD UNIQUE KEY `nombre` (`nombre`),
  ADD KEY `id_configurador` (`id_configurador`);

--
-- Indexes for table `evento`
--
ALTER TABLE `evento`
  ADD PRIMARY KEY (`id`),
  ADD KEY `id_secuencia` (`id_secuencia`);

--
-- Indexes for table `pin`
--
ALTER TABLE `pin`
  ADD PRIMARY KEY (`id`),
  ADD KEY `id_placa` (`id_placa`),
  ADD KEY `id_componente` (`id_componente`);

--
-- Indexes for table `placa`
--
ALTER TABLE `placa`
  ADD PRIMARY KEY (`id`),
  ADD KEY `id_equipo` (`id_equipo`);

--
-- Indexes for table `registro`
--
ALTER TABLE `registro`
  ADD PRIMARY KEY (`id`),
  ADD KEY `id_usuario` (`id_usuario`),
  ADD KEY `id_entidad` (`id_entidad`);

--
-- Indexes for table `secuencia`
--
ALTER TABLE `secuencia`
  ADD PRIMARY KEY (`id`),
  ADD KEY `id_simulacion` (`id_simulacion`),
  ADD KEY `id_componente` (`id_componente`);

--
-- Indexes for table `simulacion`
--
ALTER TABLE `simulacion`
  ADD PRIMARY KEY (`id`),
  ADD UNIQUE KEY `nombre` (`nombre`),
  ADD KEY `id_equipo` (`id_equipo`),
  ADD KEY `id_operador` (`id_operador`);

--
-- Indexes for table `usuario`
--
ALTER TABLE `usuario`
  ADD PRIMARY KEY (`id`),
  ADD UNIQUE KEY `rut` (`rut`),
  ADD UNIQUE KEY `email` (`email`);

--
-- AUTO_INCREMENT for dumped tables
--

--
-- AUTO_INCREMENT for table `archivo`
--
ALTER TABLE `archivo`
  MODIFY `id` bigint(20) NOT NULL AUTO_INCREMENT;

--
-- AUTO_INCREMENT for table `componente`
--
ALTER TABLE `componente`
  MODIFY `id` bigint(20) NOT NULL AUTO_INCREMENT, AUTO_INCREMENT=4;

--
-- AUTO_INCREMENT for table `ejecucion`
--
ALTER TABLE `ejecucion`
  MODIFY `id` bigint(20) NOT NULL AUTO_INCREMENT, AUTO_INCREMENT=1008;

--
-- AUTO_INCREMENT for table `ejecucionsecuencia`
--
ALTER TABLE `ejecucionsecuencia`
  MODIFY `id` bigint(20) NOT NULL AUTO_INCREMENT, AUTO_INCREMENT=15;

--
-- AUTO_INCREMENT for table `entidad`
--
ALTER TABLE `entidad`
  MODIFY `id` bigint(20) NOT NULL AUTO_INCREMENT, AUTO_INCREMENT=4;

--
-- AUTO_INCREMENT for table `equipo`
--
ALTER TABLE `equipo`
  MODIFY `id` bigint(20) NOT NULL AUTO_INCREMENT, AUTO_INCREMENT=252;

--
-- AUTO_INCREMENT for table `evento`
--
ALTER TABLE `evento`
  MODIFY `id` bigint(20) NOT NULL AUTO_INCREMENT, AUTO_INCREMENT=50;

--
-- AUTO_INCREMENT for table `pin`
--
ALTER TABLE `pin`
  MODIFY `id` bigint(20) NOT NULL AUTO_INCREMENT, AUTO_INCREMENT=7;

--
-- AUTO_INCREMENT for table `placa`
--
ALTER TABLE `placa`
  MODIFY `id` bigint(20) NOT NULL AUTO_INCREMENT, AUTO_INCREMENT=3;

--
-- AUTO_INCREMENT for table `registro`
--
ALTER TABLE `registro`
  MODIFY `id` bigint(20) NOT NULL AUTO_INCREMENT, AUTO_INCREMENT=21;

--
-- AUTO_INCREMENT for table `secuencia`
--
ALTER TABLE `secuencia`
  MODIFY `id` bigint(20) NOT NULL AUTO_INCREMENT, AUTO_INCREMENT=7;

--
-- AUTO_INCREMENT for table `simulacion`
--
ALTER TABLE `simulacion`
  MODIFY `id` bigint(20) NOT NULL AUTO_INCREMENT, AUTO_INCREMENT=501;

--
-- AUTO_INCREMENT for table `usuario`
--
ALTER TABLE `usuario`
  MODIFY `id` bigint(20) NOT NULL AUTO_INCREMENT, AUTO_INCREMENT=5;

--
-- Constraints for dumped tables
--

--
-- Constraints for table `archivo`
--
ALTER TABLE `archivo`
  ADD CONSTRAINT `archivo_ibfk_1` FOREIGN KEY (`id_equipo`) REFERENCES `equipo` (`id`);

--
-- Constraints for table `componente`
--
ALTER TABLE `componente`
  ADD CONSTRAINT `componente_ibfk_1` FOREIGN KEY (`id_equipo`) REFERENCES `equipo` (`id`);

--
-- Constraints for table `ejecucion`
--
ALTER TABLE `ejecucion`
  ADD CONSTRAINT `ejecucion_ibfk_1` FOREIGN KEY (`id_simulacion`) REFERENCES `simulacion` (`id`);

--
-- Constraints for table `ejecucionsecuencia`
--
ALTER TABLE `ejecucionsecuencia`
  ADD CONSTRAINT `ejecucionsecuencia_ibfk_1` FOREIGN KEY (`id_ejecucion`) REFERENCES `ejecucion` (`id`),
  ADD CONSTRAINT `ejecucionsecuencia_ibfk_2` FOREIGN KEY (`id_secuencia`) REFERENCES `secuencia` (`id`);

--
-- Constraints for table `equipo`
--
ALTER TABLE `equipo`
  ADD CONSTRAINT `equipo_ibfk_1` FOREIGN KEY (`id_configurador`) REFERENCES `usuario` (`id`);

--
-- Constraints for table `evento`
--
ALTER TABLE `evento`
  ADD CONSTRAINT `evento_ibfk_1` FOREIGN KEY (`id_secuencia`) REFERENCES `secuencia` (`id`);

--
-- Constraints for table `pin`
--
ALTER TABLE `pin`
  ADD CONSTRAINT `pin_ibfk_1` FOREIGN KEY (`id_placa`) REFERENCES `placa` (`id`),
  ADD CONSTRAINT `pin_ibfk_2` FOREIGN KEY (`id_componente`) REFERENCES `componente` (`id`);

--
-- Constraints for table `placa`
--
ALTER TABLE `placa`
  ADD CONSTRAINT `placa_ibfk_1` FOREIGN KEY (`id_equipo`) REFERENCES `equipo` (`id`);

--
-- Constraints for table `registro`
--
ALTER TABLE `registro`
  ADD CONSTRAINT `registro_ibfk_1` FOREIGN KEY (`id_usuario`) REFERENCES `usuario` (`id`),
  ADD CONSTRAINT `registro_ibfk_2` FOREIGN KEY (`id_entidad`) REFERENCES `entidad` (`id`);

--
-- Constraints for table `secuencia`
--
ALTER TABLE `secuencia`
  ADD CONSTRAINT `secuencia_ibfk_1` FOREIGN KEY (`id_simulacion`) REFERENCES `simulacion` (`id`),
  ADD CONSTRAINT `secuencia_ibfk_2` FOREIGN KEY (`id_componente`) REFERENCES `componente` (`id`);

--
-- Constraints for table `simulacion`
--
ALTER TABLE `simulacion`
  ADD CONSTRAINT `simulacion_ibfk_1` FOREIGN KEY (`id_equipo`) REFERENCES `equipo` (`id`),
  ADD CONSTRAINT `simulacion_ibfk_2` FOREIGN KEY (`id_operador`) REFERENCES `usuario` (`id`);

ALTER TABLE `componente` ADD `es_sensor` BOOLEAN NOT NULL DEFAULT FALSE AFTER `tipo_placa`, 
  ADD `unidad` VARCHAR(20) NULL AFTER `es_sensor`, ADD `formula` VARCHAR(40) NULL AFTER `unidad`;

CREATE TABLE medida
(
    id                  bigint(20)      NOT NULL AUTO_INCREMENT,
    id_componente       bigint(20)      NOT NULL,
    id_ejecucion        bigint(20)      NOT NULL,
    senial              double          NOT NULL DEFAULT '0',
    fisico              double          NOT NULL DEFAULT '0',
    timestamp           timestamp       NOT NULL,
    PRIMARY KEY (id),
    FOREIGN KEY (id_componente) REFERENCES componente (id),
    FOREIGN KEY (id_ejecucion) REFERENCES ejecucion (id)
);

INSERT INTO `componente` (`id_equipo`, `nombre`, `descripcion`, `url`, `estado`, `tipo`, `tipo_placa`, `unidad`, `es_sensor`, `formula`) VALUES
(1, 'flujometro1_simulador12', 'testeo',  '', 'ACTIVO', 'FLUJOMETRO',  'ARDUINO_2560', 'Litros/Segundo', TRUE, 'FORMULA1'),
(1, 'flujometro2_simulador12', 'testeo',  '', 'ACTIVO', 'FLUJOMETRO',  'ARDUINO_2560', 'Litros/Segundo', TRUE, 'FORMULA2'),
(1, 'pluviometro1_simulador12', 'testeo', '', 'ACTIVO', 'PLUVIOMETRO', 'ARDUINO_2560', 'Milimetros', TRUE, 'FORMULA3');

INSERT INTO `medida` (`id_componente`, `id_ejecucion`, `senial`, `fisico`, `timestamp`) VALUES 
('4', '2', '362', '16', current_timestamp()),
('6', '1', '32',  '24', current_timestamp()),
('6', '3', '440', '27', current_timestamp()),
('4', '1', '479', '21', current_timestamp()),
('6', '2', '96',  '41', current_timestamp()),
('4', '2', '682', '47', current_timestamp()),
('6', '3', '185', '19', current_timestamp()),
('6', '1', '381', '12', current_timestamp()),
('4', '1', '612', '31', current_timestamp()),
('6', '3', '182', '33', current_timestamp()),
('4', '2', '458', '37', current_timestamp()),
('6', '3', '607', '13', current_timestamp());

COMMIT;

/*!40101 SET CHARACTER_SET_CLIENT=@OLD_CHARACTER_SET_CLIENT */;
/*!40101 SET CHARACTER_SET_RESULTS=@OLD_CHARACTER_SET_RESULTS */;
/*!40101 SET COLLATION_CONNECTION=@OLD_COLLATION_CONNECTION */;